FI_spac,FI_temp,worst_case,nominal_case,large_modules,small_modules,worst_demand,worst_decision
0.0,0.0,5199.821888583136,5119.213372479573,1.0,0.0,"d[j = 1, t = 1]: 4334.75; d[j = 1, t = 2]: 3680.36; d[j = 2, t = 1]: 3188.98; d[j = 2, t = 2]: 3188.98; d[j = 3, t = 1]: 2043.21; d[j = 3, t = 2]: 2697.60; d[j = 4, t = 1]: 3188.98; d[j = 4, t = 2]: 3188.98; ","Y[i = 1, l = 4, t = 1]: 1.00; Y[i = 1, l = 4, t = 2]: 1.00; "
0.0,0.1,5199.821888583136,5119.213372479573,1.0,0.0,"d[j = 1, t = 1]: 4334.75; d[j = 1, t = 2]: 3680.36; d[j = 2, t = 1]: 3188.98; d[j = 2, t = 2]: 3188.98; d[j = 3, t = 1]: 2043.21; d[j = 3, t = 2]: 2697.60; d[j = 4, t = 1]: 3188.98; d[j = 4, t = 2]: 3188.98; ","Y[i = 1, l = 4, t = 1]: 1.00; Y[i = 1, l = 4, t = 2]: 1.00; "
0.0,0.2,5199.821888583136,5119.213372479573,1.0,0.0,"d[j = 1, t = 1]: 4334.75; d[j = 1, t = 2]: 3680.36; d[j = 2, t = 1]: 3188.98; d[j = 2, t = 2]: 3188.98; d[j = 3, t = 1]: 2043.21; d[j = 3, t = 2]: 2697.60; d[j = 4, t = 1]: 3188.98; d[j = 4, t = 2]: 3188.98; ","Y[i = 1, l = 4, t = 1]: 1.00; Y[i = 1, l = 4, t = 2]: 1.00; "
0.0,0.3,5199.821888583136,5119.213372479573,1.0,0.0,"d[j = 1, t = 1]: 4334.75; d[j = 1, t = 2]: 3680.36; d[j = 2, t = 1]: 3188.98; d[j = 2, t = 2]: 3188.98; d[j = 3, t = 1]: 2043.21; d[j = 3, t = 2]: 2697.60; d[j = 4, t = 1]: 3188.98; d[j = 4, t = 2]: 3188.98; ","Y[i = 1, l = 4, t = 1]: 1.00; Y[i = 1, l = 4, t = 2]: 1.00; "
0.0,0.4,5199.821888583136,5119.213372479573,1.0,0.0,"d[j = 1, t = 1]: 4334.75; d[j = 1, t = 2]: 3680.36; d[j = 2, t = 1]: 3188.98; d[j = 2, t = 2]: 3188.98; d[j = 3, t = 1]: 2043.21; d[j = 3, t = 2]: 2697.60; d[j = 4, t = 1]: 3188.98; d[j = 4, t = 2]: 3188.98; ","Y[i = 1, l = 4, t = 1]: 1.00; Y[i = 1, l = 4, t = 2]: 1.00; "
0.0,0.5,5199.821888583136,5119.213372479573,1.0,0.0,"d[j = 1, t = 1]: 4334.75; d[j = 1, t = 2]: 3680.36; d[j = 2, t = 1]: 3188.98; d[j = 2, t = 2]: 3188.98; d[j = 3, t = 1]: 2043.21; d[j = 3, t = 2]: 2697.60; d[j = 4, t = 1]: 3188.98; d[j = 4, t = 2]: 3188.98; ","Y[i = 1, l = 4, t = 1]: 1.00; Y[i = 1, l = 4, t = 2]: 1.00; "
0.0,0.6,5199.821888583136,5119.213372479573,1.0,0.0,"d[j = 1, t = 1]: 4334.75; d[j = 1, t = 2]: 3680.36; d[j = 2, t = 1]: 3188.98; d[j = 2, t = 2]: 3188.98; d[j = 3, t = 1]: 2043.21; d[j = 3, t = 2]: 2697.60; d[j = 4, t = 1]: 3188.98; d[j = 4, t = 2]: 3188.98; ","Y[i = 1, l = 4, t = 1]: 1.00; Y[i = 1, l = 4, t = 2]: 1.00; "
0.0,0.7,5199.821888583136,5119.213372479573,1.0,0.0,"d[j = 1, t = 1]: 4334.75; d[j = 1, t = 2]: 3680.36; d[j = 2, t = 1]: 3188.98; d[j = 2, t = 2]: 3188.98; d[j = 3, t = 1]: 2043.21; d[j = 3, t = 2]: 2697.60; d[j = 4, t = 1]: 3188.98; d[j = 4, t = 2]: 3188.98; ","Y[i = 1, l = 4, t = 1]: 1.00; Y[i = 1, l = 4, t = 2]: 1.00; "
0.0,0.8,5199.821888583136,5119.213372479573,1.0,0.0,"d[j = 1, t = 1]: 4334.75; d[j = 1, t = 2]: 3680.36; d[j = 2, t = 1]: 3188.98; d[j = 2, t = 2]: 3188.98; d[j = 3, t = 1]: 2043.21; d[j = 3, t = 2]: 2697.60; d[j = 4, t = 1]: 3188.98; d[j = 4, t = 2]: 3188.98; ","Y[i = 1, l = 4, t = 1]: 1.00; Y[i = 1, l = 4, t = 2]: 1.00; "
0.0,0.9,5199.821888583136,5119.213372479573,1.0,0.0,"d[j = 1, t = 1]: 4334.75; d[j = 1, t = 2]: 3680.36; d[j = 2, t = 1]: 3188.98; d[j = 2, t = 2]: 3188.98; d[j = 3, t = 1]: 2043.21; d[j = 3, t = 2]: 2697.60; d[j = 4, t = 1]: 3188.98; d[j = 4, t = 2]: 3188.98; ","Y[i = 1, l = 4, t = 1]: 1.00; Y[i = 1, l = 4, t = 2]: 1.00; "
0.0,1.0,5199.821888583136,5119.213372479573,1.0,0.0,"d[j = 1, t = 1]: 4334.75; d[j = 1, t = 2]: 3680.36; d[j = 2, t = 1]: 3188.98; d[j = 2, t = 2]: 3188.98; d[j = 3, t = 1]: 2043.21; d[j = 3, t = 2]: 2697.60; d[j = 4, t = 1]: 3188.98; d[j = 4, t = 2]: 3188.98; ","Y[i = 1, l = 4, t = 1]: 1.00; Y[i = 1, l = 4, t = 2]: 1.00; "
0.1,0.0,5265.6150164898445,5119.213372479573,1.0,0.0,"d[j = 1, t = 1]: 4857.97; d[j = 1, t = 2]: 4269.02; d[j = 2, t = 1]: 3188.98; d[j = 2, t = 2]: 3188.98; d[j = 3, t = 1]: 1519.99; d[j = 3, t = 2]: 2108.94; d[j = 4, t = 1]: 3188.98; d[j = 4, t = 2]: 3188.98; ","Y[i = 1, l = 4, t = 1]: 1.00; Y[i = 1, l = 4, t = 2]: 1.00; "
0.1,0.1,5265.6150164898445,5119.213372479573,1.0,0.0,"d[j = 1, t = 1]: 4857.97; d[j = 1, t = 2]: 4269.02; d[j = 2, t = 1]: 3188.98; d[j = 2, t = 2]: 3188.98; d[j = 3, t = 1]: 1519.99; d[j = 3, t = 2]: 2108.94; d[j = 4, t = 1]: 3188.98; d[j = 4, t = 2]: 3188.98; ","Y[i = 1, l = 4, t = 1]: 1.00; Y[i = 1, l = 4, t = 2]: 1.00; "
0.1,0.2,5265.6150164898445,5119.213372479573,1.0,0.0,"d[j = 1, t = 1]: 4857.97; d[j = 1, t = 2]: 4269.02; d[j = 2, t = 1]: 3188.98; d[j = 2, t = 2]: 3188.98; d[j = 3, t = 1]: 1519.99; d[j = 3, t = 2]: 2108.94; d[j = 4, t = 1]: 3188.98; d[j = 4, t = 2]: 3188.98; ","Y[i = 1, l = 4, t = 1]: 1.00; Y[i = 1, l = 4, t = 2]: 1.00; "
0.1,0.3,5265.6150164898445,5119.213372479573,1.0,0.0,"d[j = 1, t = 1]: 4857.97; d[j = 1, t = 2]: 4269.02; d[j = 2, t = 1]: 3188.98; d[j = 2, t = 2]: 3188.98; d[j = 3, t = 1]: 1519.99; d[j = 3, t = 2]: 2108.94; d[j = 4, t = 1]: 3188.98; d[j = 4, t = 2]: 3188.98; ","Y[i = 1, l = 4, t = 1]: 1.00; Y[i = 1, l = 4, t = 2]: 1.00; "
0.1,0.4,5265.6150164898445,5119.213372479573,1.0,0.0,"d[j = 1, t = 1]: 4857.97; d[j = 1, t = 2]: 4269.02; d[j = 2, t = 1]: 3188.98; d[j = 2, t = 2]: 3188.98; d[j = 3, t = 1]: 1519.99; d[j = 3, t = 2]: 2108.94; d[j = 4, t = 1]: 3188.98; d[j = 4, t = 2]: 3188.98; ","Y[i = 1, l = 4, t = 1]: 1.00; Y[i = 1, l = 4, t = 2]: 1.00; "
0.1,0.5,5265.6150164898445,5119.213372479573,1.0,0.0,"d[j = 1, t = 1]: 4857.97; d[j = 1, t = 2]: 4269.02; d[j = 2, t = 1]: 3188.98; d[j = 2, t = 2]: 3188.98; d[j = 3, t = 1]: 1519.99; d[j = 3, t = 2]: 2108.94; d[j = 4, t = 1]: 3188.98; d[j = 4, t = 2]: 3188.98; ","Y[i = 1, l = 4, t = 1]: 1.00; Y[i = 1, l = 4, t = 2]: 1.00; "
0.1,0.6,5265.6150164898445,5119.213372479573,1.0,0.0,"d[j = 1, t = 1]: 4857.97; d[j = 1, t = 2]: 4269.02; d[j = 2, t = 1]: 3188.98; d[j = 2, t = 2]: 3188.98; d[j = 3, t = 1]: 1519.99; d[j = 3, t = 2]: 2108.94; d[j = 4, t = 1]: 3188.98; d[j = 4, t = 2]: 3188.98; ","Y[i = 1, l = 4, t = 1]: 1.00; Y[i = 1, l = 4, t = 2]: 1.00; "
0.1,0.7,5265.6150164898445,5119.213372479573,1.0,0.0,"d[j = 1, t = 1]: 4857.97; d[j = 1, t = 2]: 4269.02; d[j = 2, t = 1]: 3188.98; d[j = 2, t = 2]: 3188.98; d[j = 3, t = 1]: 1519.99; d[j = 3, t = 2]: 2108.94; d[j = 4, t = 1]: 3188.98; d[j = 4, t = 2]: 3188.98; ","Y[i = 1, l = 4, t = 1]: 1.00; Y[i = 1, l = 4, t = 2]: 1.00; "
0.1,0.8,5265.6150164898445,5119.213372479573,1.0,0.0,"d[j = 1, t = 1]: 4857.97; d[j = 1, t = 2]: 4269.02; d[j = 2, t = 1]: 3188.98; d[j = 2, t = 2]: 3188.98; d[j = 3, t = 1]: 1519.99; d[j = 3, t = 2]: 2108.94; d[j = 4, t = 1]: 3188.98; d[j = 4, t = 2]: 3188.98; ","Y[i = 1, l = 4, t = 1]: 1.00; Y[i = 1, l = 4, t = 2]: 1.00; "
0.1,0.9,5265.6150164898445,5119.213372479573,1.0,0.0,"d[j = 1, t = 1]: 4857.97; d[j = 1, t = 2]: 4269.02; d[j = 2, t = 1]: 3188.98; d[j = 2, t = 2]: 3188.98; d[j = 3, t = 1]: 1519.99; d[j = 3, t = 2]: 2108.94; d[j = 4, t = 1]: 3188.98; d[j = 4, t = 2]: 3188.98; ","Y[i = 1, l = 4, t = 1]: 1.00; Y[i = 1, l = 4, t = 2]: 1.00; "
0.1,1.0,5265.6150164898445,5119.213372479573,1.0,0.0,"d[j = 1, t = 1]: 4857.97; d[j = 1, t = 2]: 4269.02; d[j = 2, t = 1]: 3188.98; d[j = 2, t = 2]: 3188.98; d[j = 3, t = 1]: 1519.99; d[j = 3, t = 2]: 2108.94; d[j = 4, t = 1]: 3188.98; d[j = 4, t = 2]: 3188.98; ","Y[i = 1, l = 4, t = 1]: 1.00; Y[i = 1, l = 4, t = 2]: 1.00; "
0.2,0.0,5329.910781290744,5119.213372479573,1.0,0.0,"d[j = 1, t = 1]: 5079.26; d[j = 1, t = 2]: 4857.67; d[j = 2, t = 1]: 3188.98; d[j = 2, t = 2]: 3188.98; d[j = 3, t = 1]: 996.77; d[j = 3, t = 2]: 1520.28; d[j = 4, t = 1]: 3490.90; d[j = 4, t = 2]: 3188.98; ","Y[i = 1, l = 4, t = 1]: 1.00; Y[i = 1, l = 4, t = 2]: 1.00; "
0.2,0.1,5329.910781290744,5119.213372479573,1.0,0.0,"d[j = 1, t = 1]: 5079.26; d[j = 1, t = 2]: 4857.67; d[j = 2, t = 1]: 3188.98; d[j = 2, t = 2]: 3188.98; d[j = 3, t = 1]: 996.77; d[j = 3, t = 2]: 1520.28; d[j = 4, t = 1]: 3490.90; d[j = 4, t = 2]: 3188.98; ","Y[i = 1, l = 4, t = 1]: 1.00; Y[i = 1, l = 4, t = 2]: 1.00; "
0.2,0.2,5329.910781290744,5119.213372479573,1.0,0.0,"d[j = 1, t = 1]: 5079.26; d[j = 1, t = 2]: 4857.67; d[j = 2, t = 1]: 3188.98; d[j = 2, t = 2]: 3188.98; d[j = 3, t = 1]: 996.77; d[j = 3, t = 2]: 1520.28; d[j = 4, t = 1]: 3490.90; d[j = 4, t = 2]: 3188.98; ","Y[i = 1, l = 4, t = 1]: 1.00; Y[i = 1, l = 4, t = 2]: 1.00; "
0.2,0.3,5329.910781290744,5119.213372479573,1.0,0.0,"d[j = 1, t = 1]: 5079.26; d[j = 1, t = 2]: 4857.67; d[j = 2, t = 1]: 3188.98; d[j = 2, t = 2]: 3188.98; d[j = 3, t = 1]: 996.77; d[j = 3, t = 2]: 1520.28; d[j = 4, t = 1]: 3490.90; d[j = 4, t = 2]: 3188.98; ","Y[i = 1, l = 4, t = 1]: 1.00; Y[i = 1, l = 4, t = 2]: 1.00; "
0.2,0.4,5329.910781290744,5119.213372479573,1.0,0.0,"d[j = 1, t = 1]: 5079.26; d[j = 1, t = 2]: 4857.67; d[j = 2, t = 1]: 3188.98; d[j = 2, t = 2]: 3188.98; d[j = 3, t = 1]: 996.77; d[j = 3, t = 2]: 1520.28; d[j = 4, t = 1]: 3490.90; d[j = 4, t = 2]: 3188.98; ","Y[i = 1, l = 4, t = 1]: 1.00; Y[i = 1, l = 4, t = 2]: 1.00; "
0.2,0.5,5329.910781290744,5119.213372479573,1.0,0.0,"d[j = 1, t = 1]: 5079.26; d[j = 1, t = 2]: 4857.67; d[j = 2, t = 1]: 3188.98; d[j = 2, t = 2]: 3188.98; d[j = 3, t = 1]: 996.77; d[j = 3, t = 2]: 1520.28; d[j = 4, t = 1]: 3490.90; d[j = 4, t = 2]: 3188.98; ","Y[i = 1, l = 4, t = 1]: 1.00; Y[i = 1, l = 4, t = 2]: 1.00; "
0.2,0.6,5329.910781290744,5119.213372479573,1.0,0.0,"d[j = 1, t = 1]: 5079.26; d[j = 1, t = 2]: 4857.67; d[j = 2, t = 1]: 3188.98; d[j = 2, t = 2]: 3188.98; d[j = 3, t = 1]: 996.77; d[j = 3, t = 2]: 1520.28; d[j = 4, t = 1]: 3490.90; d[j = 4, t = 2]: 3188.98; ","Y[i = 1, l = 4, t = 1]: 1.00; Y[i = 1, l = 4, t = 2]: 1.00; "
0.2,0.7,5329.910781290744,5119.213372479573,1.0,0.0,"d[j = 1, t = 1]: 5079.26; d[j = 1, t = 2]: 4857.67; d[j = 2, t = 1]: 3188.98; d[j = 2, t = 2]: 3188.98; d[j = 3, t = 1]: 996.77; d[j = 3, t = 2]: 1520.28; d[j = 4, t = 1]: 3490.90; d[j = 4, t = 2]: 3188.98; ","Y[i = 1, l = 4, t = 1]: 1.00; Y[i = 1, l = 4, t = 2]: 1.00; "
0.2,0.8,5329.910781290744,5119.213372479573,1.0,0.0,"d[j = 1, t = 1]: 5079.26; d[j = 1, t = 2]: 4857.67; d[j = 2, t = 1]: 3188.98; d[j = 2, t = 2]: 3188.98; d[j = 3, t = 1]: 996.77; d[j = 3, t = 2]: 1520.28; d[j = 4, t = 1]: 3490.90; d[j = 4, t = 2]: 3188.98; ","Y[i = 1, l = 4, t = 1]: 1.00; Y[i = 1, l = 4, t = 2]: 1.00; "
0.2,0.9,5329.910781290744,5119.213372479573,1.0,0.0,"d[j = 1, t = 1]: 5079.26; d[j = 1, t = 2]: 4857.67; d[j = 2, t = 1]: 3188.98; d[j = 2, t = 2]: 3188.98; d[j = 3, t = 1]: 996.77; d[j = 3, t = 2]: 1520.28; d[j = 4, t = 1]: 3490.90; d[j = 4, t = 2]: 3188.98; ","Y[i = 1, l = 4, t = 1]: 1.00; Y[i = 1, l = 4, t = 2]: 1.00; "
0.2,1.0,5329.910781290744,5119.213372479573,1.0,0.0,"d[j = 1, t = 1]: 5079.26; d[j = 1, t = 2]: 4857.67; d[j = 2, t = 1]: 3188.98; d[j = 2, t = 2]: 3188.98; d[j = 3, t = 1]: 996.77; d[j = 3, t = 2]: 1520.28; d[j = 4, t = 1]: 3490.90; d[j = 4, t = 2]: 3188.98; ","Y[i = 1, l = 4, t = 1]: 1.00; Y[i = 1, l = 4, t = 2]: 1.00; "
0.3,0.0,5393.109059171873,5119.213372479573,1.0,0.0,"d[j = 1, t = 1]: 5079.26; d[j = 1, t = 2]: 5446.33; d[j = 2, t = 1]: 3188.98; d[j = 2, t = 2]: 3188.98; d[j = 3, t = 1]: 473.55; d[j = 3, t = 2]: 931.63; d[j = 4, t = 1]: 4014.12; d[j = 4, t = 2]: 3188.98; ","Y[i = 1, l = 4, t = 1]: 1.00; Y[i = 1, l = 4, t = 2]: 1.00; "
0.3,0.1,5393.109059171873,5119.213372479573,1.0,0.0,"d[j = 1, t = 1]: 5079.26; d[j = 1, t = 2]: 5446.33; d[j = 2, t = 1]: 3188.98; d[j = 2, t = 2]: 3188.98; d[j = 3, t = 1]: 473.55; d[j = 3, t = 2]: 931.63; d[j = 4, t = 1]: 4014.12; d[j = 4, t = 2]: 3188.98; ","Y[i = 1, l = 4, t = 1]: 1.00; Y[i = 1, l = 4, t = 2]: 1.00; "
0.3,0.2,5393.109059171873,5119.213372479573,1.0,0.0,"d[j = 1, t = 1]: 5079.26; d[j = 1, t = 2]: 5446.33; d[j = 2, t = 1]: 3188.98; d[j = 2, t = 2]: 3188.98; d[j = 3, t = 1]: 473.55; d[j = 3, t = 2]: 931.63; d[j = 4, t = 1]: 4014.12; d[j = 4, t = 2]: 3188.98; ","Y[i = 1, l = 4, t = 1]: 1.00; Y[i = 1, l = 4, t = 2]: 1.00; "
0.3,0.3,5393.109059171873,5119.213372479573,1.0,0.0,"d[j = 1, t = 1]: 5079.26; d[j = 1, t = 2]: 5446.33; d[j = 2, t = 1]: 3188.98; d[j = 2, t = 2]: 3188.98; d[j = 3, t = 1]: 473.55; d[j = 3, t = 2]: 931.63; d[j = 4, t = 1]: 4014.12; d[j = 4, t = 2]: 3188.98; ","Y[i = 1, l = 4, t = 1]: 1.00; Y[i = 1, l = 4, t = 2]: 1.00; "
0.3,0.4,5393.109059171873,5119.213372479573,1.0,0.0,"d[j = 1, t = 1]: 5079.26; d[j = 1, t = 2]: 5446.33; d[j = 2, t = 1]: 3188.98; d[j = 2, t = 2]: 3188.98; d[j = 3, t = 1]: 473.55; d[j = 3, t = 2]: 931.63; d[j = 4, t = 1]: 4014.12; d[j = 4, t = 2]: 3188.98; ","Y[i = 1, l = 4, t = 1]: 1.00; Y[i = 1, l = 4, t = 2]: 1.00; "
0.3,0.5,5393.109059171873,5119.213372479573,1.0,0.0,"d[j = 1, t = 1]: 5079.26; d[j = 1, t = 2]: 5446.33; d[j = 2, t = 1]: 3188.98; d[j = 2, t = 2]: 3188.98; d[j = 3, t = 1]: 473.55; d[j = 3, t = 2]: 931.63; d[j = 4, t = 1]: 4014.12; d[j = 4, t = 2]: 3188.98; ","Y[i = 1, l = 4, t = 1]: 1.00; Y[i = 1, l = 4, t = 2]: 1.00; "
0.3,0.6,5393.109059171873,5119.213372479573,1.0,0.0,"d[j = 1, t = 1]: 5079.26; d[j = 1, t = 2]: 5446.33; d[j = 2, t = 1]: 3188.98; d[j = 2, t = 2]: 3188.98; d[j = 3, t = 1]: 473.55; d[j = 3, t = 2]: 931.63; d[j = 4, t = 1]: 4014.12; d[j = 4, t = 2]: 3188.98; ","Y[i = 1, l = 4, t = 1]: 1.00; Y[i = 1, l = 4, t = 2]: 1.00; "
0.3,0.7,5393.109059171873,5119.213372479573,1.0,0.0,"d[j = 1, t = 1]: 5079.26; d[j = 1, t = 2]: 5446.33; d[j = 2, t = 1]: 3188.98; d[j = 2, t = 2]: 3188.98; d[j = 3, t = 1]: 473.55; d[j = 3, t = 2]: 931.63; d[j = 4, t = 1]: 4014.12; d[j = 4, t = 2]: 3188.98; ","Y[i = 1, l = 4, t = 1]: 1.00; Y[i = 1, l = 4, t = 2]: 1.00; "
0.3,0.8,5393.109059171873,5119.213372479573,1.0,0.0,"d[j = 1, t = 1]: 5079.26; d[j = 1, t = 2]: 5446.33; d[j = 2, t = 1]: 3188.98; d[j = 2, t = 2]: 3188.98; d[j = 3, t = 1]: 473.55; d[j = 3, t = 2]: 931.63; d[j = 4, t = 1]: 4014.12; d[j = 4, t = 2]: 3188.98; ","Y[i = 1, l = 4, t = 1]: 1.00; Y[i = 1, l = 4, t = 2]: 1.00; "
0.3,0.9,5393.109059171873,5119.213372479573,1.0,0.0,"d[j = 1, t = 1]: 5079.26; d[j = 1, t = 2]: 5446.33; d[j = 2, t = 1]: 3188.98; d[j = 2, t = 2]: 3188.98; d[j = 3, t = 1]: 473.55; d[j = 3, t = 2]: 931.63; d[j = 4, t = 1]: 4014.12; d[j = 4, t = 2]: 3188.98; ","Y[i = 1, l = 4, t = 1]: 1.00; Y[i = 1, l = 4, t = 2]: 1.00; "
0.3,1.0,5393.109059171873,5119.213372479573,1.0,0.0,"d[j = 1, t = 1]: 5079.26; d[j = 1, t = 2]: 5446.33; d[j = 2, t = 1]: 3188.98; d[j = 2, t = 2]: 3188.98; d[j = 3, t = 1]: 473.55; d[j = 3, t = 2]: 931.63; d[j = 4, t = 1]: 4014.12; d[j = 4, t = 2]: 3188.98; ","Y[i = 1, l = 4, t = 1]: 1.00; Y[i = 1, l = 4, t = 2]: 1.00; "
0.4,0.0,5453.642149246359,5119.213372479573,1.0,0.0,"d[j = 1, t = 1]: 5079.26; d[j = 1, t = 2]: 5831.68; d[j = 2, t = 1]: 3139.31; d[j = 2, t = 2]: 3188.98; d[j = 3, t = 1]: 0.00; d[j = 3, t = 2]: 342.97; d[j = 4, t = 1]: 4537.34; d[j = 4, t = 2]: 3392.29; ","Y[i = 1, l = 4, t = 1]: 1.00; Y[i = 1, l = 4, t = 2]: 1.00; "
0.4,0.1,5454.650460098447,5119.213372479573,1.0,0.0,"d[j = 1, t = 1]: 5079.26; d[j = 1, t = 2]: 6034.99; d[j = 2, t = 1]: 3139.31; d[j = 2, t = 2]: 3188.98; d[j = 3, t = 1]: 0.00; d[j = 3, t = 2]: 342.97; d[j = 4, t = 1]: 4537.34; d[j = 4, t = 2]: 3188.98; ","Y[i = 1, l = 4, t = 1]: 1.00; Y[i = 1, l = 4, t = 2]: 1.00; "
0.4,0.2,5454.650460098447,5119.213372479573,1.0,0.0,"d[j = 1, t = 1]: 5079.26; d[j = 1, t = 2]: 6034.99; d[j = 2, t = 1]: 3139.31; d[j = 2, t = 2]: 3188.98; d[j = 3, t = 1]: 0.00; d[j = 3, t = 2]: 342.97; d[j = 4, t = 1]: 4537.34; d[j = 4, t = 2]: 3188.98; ","Y[i = 1, l = 4, t = 1]: 1.00; Y[i = 1, l = 4, t = 2]: 1.00; "
0.4,0.3,5454.650460098447,5119.213372479573,1.0,0.0,"d[j = 1, t = 1]: 5079.26; d[j = 1, t = 2]: 6034.99; d[j = 2, t = 1]: 3139.31; d[j = 2, t = 2]: 3188.98; d[j = 3, t = 1]: 0.00; d[j = 3, t = 2]: 342.97; d[j = 4, t = 1]: 4537.34; d[j = 4, t = 2]: 3188.98; ","Y[i = 1, l = 4, t = 1]: 1.00; Y[i = 1, l = 4, t = 2]: 1.00; "
0.4,0.4,5454.650460098447,5119.213372479573,1.0,0.0,"d[j = 1, t = 1]: 5079.26; d[j = 1, t = 2]: 6034.99; d[j = 2, t = 1]: 3139.31; d[j = 2, t = 2]: 3188.98; d[j = 3, t = 1]: 0.00; d[j = 3, t = 2]: 342.97; d[j = 4, t = 1]: 4537.34; d[j = 4, t = 2]: 3188.98; ","Y[i = 1, l = 4, t = 1]: 1.00; Y[i = 1, l = 4, t = 2]: 1.00; "
0.4,0.5,5454.650460098447,5119.213372479573,1.0,0.0,"d[j = 1, t = 1]: 5079.26; d[j = 1, t = 2]: 6034.99; d[j = 2, t = 1]: 3139.31; d[j = 2, t = 2]: 3188.98; d[j = 3, t = 1]: 0.00; d[j = 3, t = 2]: 342.97; d[j = 4, t = 1]: 4537.34; d[j = 4, t = 2]: 3188.98; ","Y[i = 1, l = 4, t = 1]: 1.00; Y[i = 1, l = 4, t = 2]: 1.00; "
0.4,0.6,5454.650460098447,5119.213372479573,1.0,0.0,"d[j = 1, t = 1]: 5079.26; d[j = 1, t = 2]: 6034.99; d[j = 2, t = 1]: 3139.31; d[j = 2, t = 2]: 3188.98; d[j = 3, t = 1]: 0.00; d[j = 3, t = 2]: 342.97; d[j = 4, t = 1]: 4537.34; d[j = 4, t = 2]: 3188.98; ","Y[i = 1, l = 4, t = 1]: 1.00; Y[i = 1, l = 4, t = 2]: 1.00; "
0.4,0.7,5454.650460098447,5119.213372479573,1.0,0.0,"d[j = 1, t = 1]: 5079.26; d[j = 1, t = 2]: 6034.99; d[j = 2, t = 1]: 3139.31; d[j = 2, t = 2]: 3188.98; d[j = 3, t = 1]: 0.00; d[j = 3, t = 2]: 342.97; d[j = 4, t = 1]: 4537.34; d[j = 4, t = 2]: 3188.98; ","Y[i = 1, l = 4, t = 1]: 1.00; Y[i = 1, l = 4, t = 2]: 1.00; "
0.4,0.8,5454.650460098447,5119.213372479573,1.0,0.0,"d[j = 1, t = 1]: 5079.26; d[j = 1, t = 2]: 6034.99; d[j = 2, t = 1]: 3139.31; d[j = 2, t = 2]: 3188.98; d[j = 3, t = 1]: 0.00; d[j = 3, t = 2]: 342.97; d[j = 4, t = 1]: 4537.34; d[j = 4, t = 2]: 3188.98; ","Y[i = 1, l = 4, t = 1]: 1.00; Y[i = 1, l = 4, t = 2]: 1.00; "
0.4,0.9,5454.650460098447,5119.213372479573,1.0,0.0,"d[j = 1, t = 1]: 5079.26; d[j = 1, t = 2]: 6034.99; d[j = 2, t = 1]: 3139.31; d[j = 2, t = 2]: 3188.98; d[j = 3, t = 1]: 0.00; d[j = 3, t = 2]: 342.97; d[j = 4, t = 1]: 4537.34; d[j = 4, t = 2]: 3188.98; ","Y[i = 1, l = 4, t = 1]: 1.00; Y[i = 1, l = 4, t = 2]: 1.00; "
0.4,1.0,5454.650460098447,5119.213372479573,1.0,0.0,"d[j = 1, t = 1]: 5079.26; d[j = 1, t = 2]: 6034.99; d[j = 2, t = 1]: 3139.31; d[j = 2, t = 2]: 3188.98; d[j = 3, t = 1]: 0.00; d[j = 3, t = 2]: 342.97; d[j = 4, t = 1]: 4537.34; d[j = 4, t = 2]: 3188.98; ","Y[i = 1, l = 4, t = 1]: 1.00; Y[i = 1, l = 4, t = 2]: 1.00; "
0.5,0.0,5488.594820639241,5119.213372479573,1.0,0.0,"d[j = 1, t = 1]: 5079.26; d[j = 1, t = 2]: 5897.11; d[j = 2, t = 1]: 2616.09; d[j = 2, t = 2]: 2943.29; d[j = 3, t = 1]: 0.00; d[j = 3, t = 2]: 0.00; d[j = 4, t = 1]: 5060.56; d[j = 4, t = 2]: 3915.51; ","Y[i = 1, l = 4, t = 1]: 1.00; Y[i = 1, l = 4, t = 2]: 1.00; "
0.5,0.1,5492.197981516909,5119.213372479573,1.0,0.0,"d[j = 1, t = 1]: 5079.26; d[j = 1, t = 2]: 6623.65; d[j = 2, t = 1]: 2616.09; d[j = 2, t = 2]: 2943.29; d[j = 3, t = 1]: 0.00; d[j = 3, t = 2]: 0.00; d[j = 4, t = 1]: 5060.56; d[j = 4, t = 2]: 3188.98; ","Y[i = 1, l = 4, t = 1]: 1.00; Y[i = 1, l = 4, t = 2]: 1.00; "
0.5,0.2,5492.197981516909,5119.213372479573,1.0,0.0,"d[j = 1, t = 1]: 5079.26; d[j = 1, t = 2]: 6623.65; d[j = 2, t = 1]: 2616.09; d[j = 2, t = 2]: 2943.29; d[j = 3, t = 1]: 0.00; d[j = 3, t = 2]: 0.00; d[j = 4, t = 1]: 5060.56; d[j = 4, t = 2]: 3188.98; ","Y[i = 1, l = 4, t = 1]: 1.00; Y[i = 1, l = 4, t = 2]: 1.00; "
0.5,0.3,5492.197981516909,5119.213372479573,1.0,0.0,"d[j = 1, t = 1]: 5079.26; d[j = 1, t = 2]: 6623.65; d[j = 2, t = 1]: 2616.09; d[j = 2, t = 2]: 2943.29; d[j = 3, t = 1]: 0.00; d[j = 3, t = 2]: 0.00; d[j = 4, t = 1]: 5060.56; d[j = 4, t = 2]: 3188.98; ","Y[i = 1, l = 4, t = 1]: 1.00; Y[i = 1, l = 4, t = 2]: 1.00; "
0.5,0.4,5492.197981516909,5119.213372479573,1.0,0.0,"d[j = 1, t = 1]: 5079.26; d[j = 1, t = 2]: 6623.65; d[j = 2, t = 1]: 2616.09; d[j = 2, t = 2]: 2943.29; d[j = 3, t = 1]: 0.00; d[j = 3, t = 2]: 0.00; d[j = 4, t = 1]: 5060.56; d[j = 4, t = 2]: 3188.98; ","Y[i = 1, l = 4, t = 1]: 1.00; Y[i = 1, l = 4, t = 2]: 1.00; "
0.5,0.5,5492.197981516909,5119.213372479573,1.0,0.0,"d[j = 1, t = 1]: 5079.26; d[j = 1, t = 2]: 6623.65; d[j = 2, t = 1]: 2616.09; d[j = 2, t = 2]: 2943.29; d[j = 3, t = 1]: 0.00; d[j = 3, t = 2]: 0.00; d[j = 4, t = 1]: 5060.56; d[j = 4, t = 2]: 3188.98; ","Y[i = 1, l = 4, t = 1]: 1.00; Y[i = 1, l = 4, t = 2]: 1.00; "
0.5,0.6,5492.197981516909,5119.213372479573,1.0,0.0,"d[j = 1, t = 1]: 5079.26; d[j = 1, t = 2]: 6623.65; d[j = 2, t = 1]: 2616.09; d[j = 2, t = 2]: 2943.29; d[j = 3, t = 1]: 0.00; d[j = 3, t = 2]: 0.00; d[j = 4, t = 1]: 5060.56; d[j = 4, t = 2]: 3188.98; ","Y[i = 1, l = 4, t = 1]: 1.00; Y[i = 1, l = 4, t = 2]: 1.00; "
0.5,0.7,5492.197981516909,5119.213372479573,1.0,0.0,"d[j = 1, t = 1]: 5079.26; d[j = 1, t = 2]: 6623.65; d[j = 2, t = 1]: 2616.09; d[j = 2, t = 2]: 2943.29; d[j = 3, t = 1]: 0.00; d[j = 3, t = 2]: 0.00; d[j = 4, t = 1]: 5060.56; d[j = 4, t = 2]: 3188.98; ","Y[i = 1, l = 4, t = 1]: 1.00; Y[i = 1, l = 4, t = 2]: 1.00; "
0.5,0.8,5492.197981516909,5119.213372479573,1.0,0.0,"d[j = 1, t = 1]: 5079.26; d[j = 1, t = 2]: 6623.65; d[j = 2, t = 1]: 2616.09; d[j = 2, t = 2]: 2943.29; d[j = 3, t = 1]: 0.00; d[j = 3, t = 2]: 0.00; d[j = 4, t = 1]: 5060.56; d[j = 4, t = 2]: 3188.98; ","Y[i = 1, l = 4, t = 1]: 1.00; Y[i = 1, l = 4, t = 2]: 1.00; "
0.5,0.9,5492.197981516909,5119.213372479573,1.0,0.0,"d[j = 1, t = 1]: 5079.26; d[j = 1, t = 2]: 6623.65; d[j = 2, t = 1]: 2616.09; d[j = 2, t = 2]: 2943.29; d[j = 3, t = 1]: 0.00; d[j = 3, t = 2]: 0.00; d[j = 4, t = 1]: 5060.56; d[j = 4, t = 2]: 3188.98; ","Y[i = 1, l = 4, t = 1]: 1.00; Y[i = 1, l = 4, t = 2]: 1.00; "
0.5,1.0,5492.197981516909,5119.213372479573,1.0,0.0,"d[j = 1, t = 1]: 5079.26; d[j = 1, t = 2]: 6623.65; d[j = 2, t = 1]: 2616.09; d[j = 2, t = 2]: 2943.29; d[j = 3, t = 1]: 0.00; d[j = 3, t = 2]: 0.00; d[j = 4, t = 1]: 5060.56; d[j = 4, t = 2]: 3188.98; ","Y[i = 1, l = 4, t = 1]: 1.00; Y[i = 1, l = 4, t = 2]: 1.00; "
0.6,0.0,5512.10610304316,5119.213372479573,1.0,0.0,"d[j = 1, t = 1]: 5079.26; d[j = 1, t = 2]: 5962.55; d[j = 2, t = 1]: 2092.87; d[j = 2, t = 2]: 2354.63; d[j = 3, t = 1]: 0.00; d[j = 3, t = 2]: 0.00; d[j = 4, t = 1]: 5583.78; d[j = 4, t = 2]: 4438.73; ","Y[i = 1, l = 4, t = 1]: 1.00; Y[i = 1, l = 4, t = 2]: 1.00; "
0.6,0.1,5516.647535058459,5119.213372479573,1.0,0.0,"d[j = 1, t = 1]: 5079.26; d[j = 1, t = 2]: 6878.28; d[j = 2, t = 1]: 2092.87; d[j = 2, t = 2]: 2354.63; d[j = 3, t = 1]: 0.00; d[j = 3, t = 2]: 0.00; d[j = 4, t = 1]: 5583.78; d[j = 4, t = 2]: 3523.01; ","Y[i = 1, l = 4, t = 1]: 1.00; Y[i = 1, l = 4, t = 2]: 1.00; "
0.6,0.2,5516.647535058459,5119.213372479573,1.0,0.0,"d[j = 1, t = 1]: 5079.26; d[j = 1, t = 2]: 6878.28; d[j = 2, t = 1]: 2092.87; d[j = 2, t = 2]: 2354.63; d[j = 3, t = 1]: 0.00; d[j = 3, t = 2]: 0.00; d[j = 4, t = 1]: 5583.78; d[j = 4, t = 2]: 3523.01; ","Y[i = 1, l = 4, t = 1]: 1.00; Y[i = 1, l = 4, t = 2]: 1.00; "
0.6,0.3,5516.647535058459,5119.213372479573,1.0,0.0,"d[j = 1, t = 1]: 5079.26; d[j = 1, t = 2]: 6878.28; d[j = 2, t = 1]: 2092.87; d[j = 2, t = 2]: 2354.63; d[j = 3, t = 1]: 0.00; d[j = 3, t = 2]: 0.00; d[j = 4, t = 1]: 5583.78; d[j = 4, t = 2]: 3523.01; ","Y[i = 1, l = 4, t = 1]: 1.00; Y[i = 1, l = 4, t = 2]: 1.00; "
0.6,0.4,5516.647535058459,5119.213372479573,1.0,0.0,"d[j = 1, t = 1]: 5079.26; d[j = 1, t = 2]: 6878.28; d[j = 2, t = 1]: 2092.87; d[j = 2, t = 2]: 2354.63; d[j = 3, t = 1]: 0.00; d[j = 3, t = 2]: 0.00; d[j = 4, t = 1]: 5583.78; d[j = 4, t = 2]: 3523.01; ","Y[i = 1, l = 4, t = 1]: 1.00; Y[i = 1, l = 4, t = 2]: 1.00; "
0.6,0.5,5516.647535058459,5119.213372479573,1.0,0.0,"d[j = 1, t = 1]: 5079.26; d[j = 1, t = 2]: 6878.28; d[j = 2, t = 1]: 2092.87; d[j = 2, t = 2]: 2354.63; d[j = 3, t = 1]: 0.00; d[j = 3, t = 2]: 0.00; d[j = 4, t = 1]: 5583.78; d[j = 4, t = 2]: 3523.01; ","Y[i = 1, l = 4, t = 1]: 1.00; Y[i = 1, l = 4, t = 2]: 1.00; "
0.6,0.6,5516.647535058459,5119.213372479573,1.0,0.0,"d[j = 1, t = 1]: 5079.26; d[j = 1, t = 2]: 6878.28; d[j = 2, t = 1]: 2092.87; d[j = 2, t = 2]: 2354.63; d[j = 3, t = 1]: 0.00; d[j = 3, t = 2]: 0.00; d[j = 4, t = 1]: 5583.78; d[j = 4, t = 2]: 3523.01; ","Y[i = 1, l = 4, t = 1]: 1.00; Y[i = 1, l = 4, t = 2]: 1.00; "
0.6,0.7,5516.647535058459,5119.213372479573,1.0,0.0,"d[j = 1, t = 1]: 5079.26; d[j = 1, t = 2]: 6878.28; d[j = 2, t = 1]: 2092.87; d[j = 2, t = 2]: 2354.63; d[j = 3, t = 1]: 0.00; d[j = 3, t = 2]: 0.00; d[j = 4, t = 1]: 5583.78; d[j = 4, t = 2]: 3523.01; ","Y[i = 1, l = 4, t = 1]: 1.00; Y[i = 1, l = 4, t = 2]: 1.00; "
0.6,0.8,5516.647535058459,5119.213372479573,1.0,0.0,"d[j = 1, t = 1]: 5079.26; d[j = 1, t = 2]: 6878.28; d[j = 2, t = 1]: 2092.87; d[j = 2, t = 2]: 2354.63; d[j = 3, t = 1]: 0.00; d[j = 3, t = 2]: 0.00; d[j = 4, t = 1]: 5583.78; d[j = 4, t = 2]: 3523.01; ","Y[i = 1, l = 4, t = 1]: 1.00; Y[i = 1, l = 4, t = 2]: 1.00; "
0.6,0.9,5516.647535058459,5119.213372479573,1.0,0.0,"d[j = 1, t = 1]: 5079.26; d[j = 1, t = 2]: 6878.28; d[j = 2, t = 1]: 2092.87; d[j = 2, t = 2]: 2354.63; d[j = 3, t = 1]: 0.00; d[j = 3, t = 2]: 0.00; d[j = 4, t = 1]: 5583.78; d[j = 4, t = 2]: 3523.01; ","Y[i = 1, l = 4, t = 1]: 1.00; Y[i = 1, l = 4, t = 2]: 1.00; "
0.6,1.0,5516.647535058459,5119.213372479573,1.0,0.0,"d[j = 1, t = 1]: 5079.26; d[j = 1, t = 2]: 6878.28; d[j = 2, t = 1]: 2092.87; d[j = 2, t = 2]: 2354.63; d[j = 3, t = 1]: 0.00; d[j = 3, t = 2]: 0.00; d[j = 4, t = 1]: 5583.78; d[j = 4, t = 2]: 3523.01; ","Y[i = 1, l = 4, t = 1]: 1.00; Y[i = 1, l = 4, t = 2]: 1.00; "
0.7,0.0,5535.61738544708,5119.213372479573,1.0,0.0,"d[j = 1, t = 1]: 5079.26; d[j = 1, t = 2]: 6027.99; d[j = 2, t = 1]: 1569.66; d[j = 2, t = 2]: 1765.97; d[j = 3, t = 1]: 0.00; d[j = 3, t = 2]: 0.00; d[j = 4, t = 1]: 6107.00; d[j = 4, t = 2]: 4961.95; ","Y[i = 1, l = 4, t = 1]: 1.00; Y[i = 1, l = 4, t = 2]: 1.00; "
0.7,0.1,5539.83427902187,5119.213372479573,1.0,0.0,"d[j = 1, t = 1]: 5079.26; d[j = 1, t = 2]: 6878.28; d[j = 2, t = 1]: 1569.66; d[j = 2, t = 2]: 1765.97; d[j = 3, t = 1]: 0.00; d[j = 3, t = 2]: 0.00; d[j = 4, t = 1]: 6107.00; d[j = 4, t = 2]: 4111.66; ","Y[i = 1, l = 4, t = 1]: 1.00; Y[i = 1, l = 4, t = 2]: 1.00; "
0.7,0.2,5539.83427902187,5119.213372479573,1.0,0.0,"d[j = 1, t = 1]: 5079.26; d[j = 1, t = 2]: 6878.28; d[j = 2, t = 1]: 1569.66; d[j = 2, t = 2]: 1765.97; d[j = 3, t = 1]: 0.00; d[j = 3, t = 2]: 0.00; d[j = 4, t = 1]: 6107.00; d[j = 4, t = 2]: 4111.66; ","Y[i = 1, l = 4, t = 1]: 1.00; Y[i = 1, l = 4, t = 2]: 1.00; "
0.7,0.3,5539.83427902187,5119.213372479573,1.0,0.0,"d[j = 1, t = 1]: 5079.26; d[j = 1, t = 2]: 6878.28; d[j = 2, t = 1]: 1569.66; d[j = 2, t = 2]: 1765.97; d[j = 3, t = 1]: 0.00; d[j = 3, t = 2]: 0.00; d[j = 4, t = 1]: 6107.00; d[j = 4, t = 2]: 4111.66; ","Y[i = 1, l = 4, t = 1]: 1.00; Y[i = 1, l = 4, t = 2]: 1.00; "
0.7,0.4,5539.83427902187,5119.213372479573,1.0,0.0,"d[j = 1, t = 1]: 5079.26; d[j = 1, t = 2]: 6878.28; d[j = 2, t = 1]: 1569.66; d[j = 2, t = 2]: 1765.97; d[j = 3, t = 1]: 0.00; d[j = 3, t = 2]: 0.00; d[j = 4, t = 1]: 6107.00; d[j = 4, t = 2]: 4111.66; ","Y[i = 1, l = 4, t = 1]: 1.00; Y[i = 1, l = 4, t = 2]: 1.00; "
0.7,0.5,5539.83427902187,5119.213372479573,1.0,0.0,"d[j = 1, t = 1]: 5079.26; d[j = 1, t = 2]: 6878.28; d[j = 2, t = 1]: 1569.66; d[j = 2, t = 2]: 1765.97; d[j = 3, t = 1]: 0.00; d[j = 3, t = 2]: 0.00; d[j = 4, t = 1]: 6107.00; d[j = 4, t = 2]: 4111.66; ","Y[i = 1, l = 4, t = 1]: 1.00; Y[i = 1, l = 4, t = 2]: 1.00; "
0.7,0.6,5539.83427902187,5119.213372479573,1.0,0.0,"d[j = 1, t = 1]: 5079.26; d[j = 1, t = 2]: 6878.28; d[j = 2, t = 1]: 1569.66; d[j = 2, t = 2]: 1765.97; d[j = 3, t = 1]: 0.00; d[j = 3, t = 2]: 0.00; d[j = 4, t = 1]: 6107.00; d[j = 4, t = 2]: 4111.66; ","Y[i = 1, l = 4, t = 1]: 1.00; Y[i = 1, l = 4, t = 2]: 1.00; "
0.7,0.7,5539.83427902187,5119.213372479573,1.0,0.0,"d[j = 1, t = 1]: 5079.26; d[j = 1, t = 2]: 6878.28; d[j = 2, t = 1]: 1569.66; d[j = 2, t = 2]: 1765.97; d[j = 3, t = 1]: 0.00; d[j = 3, t = 2]: 0.00; d[j = 4, t = 1]: 6107.00; d[j = 4, t = 2]: 4111.66; ","Y[i = 1, l = 4, t = 1]: 1.00; Y[i = 1, l = 4, t = 2]: 1.00; "
0.7,0.8,5539.83427902187,5119.213372479573,1.0,0.0,"d[j = 1, t = 1]: 5079.26; d[j = 1, t = 2]: 6878.28; d[j = 2, t = 1]: 1569.66; d[j = 2, t = 2]: 1765.97; d[j = 3, t = 1]: 0.00; d[j = 3, t = 2]: 0.00; d[j = 4, t = 1]: 6107.00; d[j = 4, t = 2]: 4111.66; ","Y[i = 1, l = 4, t = 1]: 1.00; Y[i = 1, l = 4, t = 2]: 1.00; "
0.7,0.9,5539.83427902187,5119.213372479573,1.0,0.0,"d[j = 1, t = 1]: 5079.26; d[j = 1, t = 2]: 6878.28; d[j = 2, t = 1]: 1569.66; d[j = 2, t = 2]: 1765.97; d[j = 3, t = 1]: 0.00; d[j = 3, t = 2]: 0.00; d[j = 4, t = 1]: 6107.00; d[j = 4, t = 2]: 4111.66; ","Y[i = 1, l = 4, t = 1]: 1.00; Y[i = 1, l = 4, t = 2]: 1.00; "
0.7,1.0,5539.83427902187,5119.213372479573,1.0,0.0,"d[j = 1, t = 1]: 5079.26; d[j = 1, t = 2]: 6878.28; d[j = 2, t = 1]: 1569.66; d[j = 2, t = 2]: 1765.97; d[j = 3, t = 1]: 0.00; d[j = 3, t = 2]: 0.00; d[j = 4, t = 1]: 6107.00; d[j = 4, t = 2]: 4111.66; ","Y[i = 1, l = 4, t = 1]: 1.00; Y[i = 1, l = 4, t = 2]: 1.00; "
0.8,0.0,5559.128667850999,5119.213372479573,1.0,0.0,"d[j = 1, t = 1]: 5079.26; d[j = 1, t = 2]: 6093.43; d[j = 2, t = 1]: 1046.44; d[j = 2, t = 2]: 1177.32; d[j = 3, t = 1]: 0.00; d[j = 3, t = 2]: 0.00; d[j = 4, t = 1]: 6630.21; d[j = 4, t = 2]: 5485.17; ","Y[i = 1, l = 4, t = 1]: 1.00; Y[i = 1, l = 4, t = 2]: 1.00; "
0.8,0.1,5563.021022985281,5119.213372479573,1.0,0.0,"d[j = 1, t = 1]: 5079.26; d[j = 1, t = 2]: 6878.28; d[j = 2, t = 1]: 1046.44; d[j = 2, t = 2]: 1177.32; d[j = 3, t = 1]: 0.00; d[j = 3, t = 2]: 0.00; d[j = 4, t = 1]: 6630.21; d[j = 4, t = 2]: 4700.32; ","Y[i = 1, l = 4, t = 1]: 1.00; Y[i = 1, l = 4, t = 2]: 1.00; "
0.8,0.2,5563.021022985281,5119.213372479573,1.0,0.0,"d[j = 1, t = 1]: 5079.26; d[j = 1, t = 2]: 6878.28; d[j = 2, t = 1]: 1046.44; d[j = 2, t = 2]: 1177.32; d[j = 3, t = 1]: 0.00; d[j = 3, t = 2]: 0.00; d[j = 4, t = 1]: 6630.21; d[j = 4, t = 2]: 4700.32; ","Y[i = 1, l = 4, t = 1]: 1.00; Y[i = 1, l = 4, t = 2]: 1.00; "
0.8,0.3,5563.021022985281,5119.213372479573,1.0,0.0,"d[j = 1, t = 1]: 5079.26; d[j = 1, t = 2]: 6878.28; d[j = 2, t = 1]: 1046.44; d[j = 2, t = 2]: 1177.32; d[j = 3, t = 1]: 0.00; d[j = 3, t = 2]: 0.00; d[j = 4, t = 1]: 6630.21; d[j = 4, t = 2]: 4700.32; ","Y[i = 1, l = 4, t = 1]: 1.00; Y[i = 1, l = 4, t = 2]: 1.00; "
0.8,0.4,5563.021022985281,5119.213372479573,1.0,0.0,"d[j = 1, t = 1]: 5079.26; d[j = 1, t = 2]: 6878.28; d[j = 2, t = 1]: 1046.44; d[j = 2, t = 2]: 1177.32; d[j = 3, t = 1]: 0.00; d[j = 3, t = 2]: 0.00; d[j = 4, t = 1]: 6630.21; d[j = 4, t = 2]: 4700.32; ","Y[i = 1, l = 4, t = 1]: 1.00; Y[i = 1, l = 4, t = 2]: 1.00; "
0.8,0.5,5563.021022985281,5119.213372479573,1.0,0.0,"d[j = 1, t = 1]: 5079.26; d[j = 1, t = 2]: 6878.28; d[j = 2, t = 1]: 1046.44; d[j = 2, t = 2]: 1177.32; d[j = 3, t = 1]: 0.00; d[j = 3, t = 2]: 0.00; d[j = 4, t = 1]: 6630.21; d[j = 4, t = 2]: 4700.32; ","Y[i = 1, l = 4, t = 1]: 1.00; Y[i = 1, l = 4, t = 2]: 1.00; "
0.8,0.6,5563.021022985281,5119.213372479573,1.0,0.0,"d[j = 1, t = 1]: 5079.26; d[j = 1, t = 2]: 6878.28; d[j = 2, t = 1]: 1046.44; d[j = 2, t = 2]: 1177.32; d[j = 3, t = 1]: 0.00; d[j = 3, t = 2]: 0.00; d[j = 4, t = 1]: 6630.21; d[j = 4, t = 2]: 4700.32; ","Y[i = 1, l = 4, t = 1]: 1.00; Y[i = 1, l = 4, t = 2]: 1.00; "
0.8,0.7,5563.021022985281,5119.213372479573,1.0,0.0,"d[j = 1, t = 1]: 5079.26; d[j = 1, t = 2]: 6878.28; d[j = 2, t = 1]: 1046.44; d[j = 2, t = 2]: 1177.32; d[j = 3, t = 1]: 0.00; d[j = 3, t = 2]: 0.00; d[j = 4, t = 1]: 6630.21; d[j = 4, t = 2]: 4700.32; ","Y[i = 1, l = 4, t = 1]: 1.00; Y[i = 1, l = 4, t = 2]: 1.00; "
0.8,0.8,5563.021022985281,5119.213372479573,1.0,0.0,"d[j = 1, t = 1]: 5079.26; d[j = 1, t = 2]: 6878.28; d[j = 2, t = 1]: 1046.44; d[j = 2, t = 2]: 1177.32; d[j = 3, t = 1]: 0.00; d[j = 3, t = 2]: 0.00; d[j = 4, t = 1]: 6630.21; d[j = 4, t = 2]: 4700.32; ","Y[i = 1, l = 4, t = 1]: 1.00; Y[i = 1, l = 4, t = 2]: 1.00; "
0.8,0.9,5563.021022985281,5119.213372479573,1.0,0.0,"d[j = 1, t = 1]: 5079.26; d[j = 1, t = 2]: 6878.28; d[j = 2, t = 1]: 1046.44; d[j = 2, t = 2]: 1177.32; d[j = 3, t = 1]: 0.00; d[j = 3, t = 2]: 0.00; d[j = 4, t = 1]: 6630.21; d[j = 4, t = 2]: 4700.32; ","Y[i = 1, l = 4, t = 1]: 1.00; Y[i = 1, l = 4, t = 2]: 1.00; "
0.8,1.0,5563.021022985281,5119.213372479573,1.0,0.0,"d[j = 1, t = 1]: 5079.26; d[j = 1, t = 2]: 6878.28; d[j = 2, t = 1]: 1046.44; d[j = 2, t = 2]: 1177.32; d[j = 3, t = 1]: 0.00; d[j = 3, t = 2]: 0.00; d[j = 4, t = 1]: 6630.21; d[j = 4, t = 2]: 4700.32; ","Y[i = 1, l = 4, t = 1]: 1.00; Y[i = 1, l = 4, t = 2]: 1.00; "
0.9,0.0,5579.1463409736625,5119.213372479573,1.0,0.0,"d[j = 1, t = 1]: 5079.26; d[j = 1, t = 2]: 6224.31; d[j = 2, t = 1]: 660.33; d[j = 2, t = 2]: 634.64; d[j = 3, t = 1]: 0.00; d[j = 3, t = 2]: 0.00; d[j = 4, t = 1]: 7016.33; d[j = 4, t = 2]: 5896.96; ","Y[i = 1, l = 4, t = 1]: 1.00; Y[i = 1, l = 4, t = 2]: 1.00; "
0.9,0.1,5583.34857456057,5119.213372479573,1.0,0.0,"d[j = 1, t = 1]: 5079.26; d[j = 1, t = 2]: 6878.28; d[j = 2, t = 1]: 660.33; d[j = 2, t = 2]: 588.66; d[j = 3, t = 1]: 0.00; d[j = 3, t = 2]: 0.00; d[j = 4, t = 1]: 7016.33; d[j = 4, t = 2]: 5288.98; ","Y[i = 1, l = 4, t = 1]: 1.00; Y[i = 1, l = 4, t = 2]: 1.00; "
0.9,0.2,5583.34857456057,5119.213372479573,1.0,0.0,"d[j = 1, t = 1]: 5079.26; d[j = 1, t = 2]: 6878.28; d[j = 2, t = 1]: 660.33; d[j = 2, t = 2]: 588.66; d[j = 3, t = 1]: 0.00; d[j = 3, t = 2]: 0.00; d[j = 4, t = 1]: 7016.33; d[j = 4, t = 2]: 5288.98; ","Y[i = 1, l = 4, t = 1]: 1.00; Y[i = 1, l = 4, t = 2]: 1.00; "
0.9,0.3,5583.34857456057,5119.213372479573,1.0,0.0,"d[j = 1, t = 1]: 5079.26; d[j = 1, t = 2]: 6878.28; d[j = 2, t = 1]: 660.33; d[j = 2, t = 2]: 588.66; d[j = 3, t = 1]: 0.00; d[j = 3, t = 2]: 0.00; d[j = 4, t = 1]: 7016.33; d[j = 4, t = 2]: 5288.98; ","Y[i = 1, l = 4, t = 1]: 1.00; Y[i = 1, l = 4, t = 2]: 1.00; "
0.9,0.4,5583.34857456057,5119.213372479573,1.0,0.0,"d[j = 1, t = 1]: 5079.26; d[j = 1, t = 2]: 6878.28; d[j = 2, t = 1]: 660.33; d[j = 2, t = 2]: 588.66; d[j = 3, t = 1]: 0.00; d[j = 3, t = 2]: 0.00; d[j = 4, t = 1]: 7016.33; d[j = 4, t = 2]: 5288.98; ","Y[i = 1, l = 4, t = 1]: 1.00; Y[i = 1, l = 4, t = 2]: 1.00; "
0.9,0.5,5583.34857456057,5119.213372479573,1.0,0.0,"d[j = 1, t = 1]: 5079.26; d[j = 1, t = 2]: 6878.28; d[j = 2, t = 1]: 660.33; d[j = 2, t = 2]: 588.66; d[j = 3, t = 1]: 0.00; d[j = 3, t = 2]: 0.00; d[j = 4, t = 1]: 7016.33; d[j = 4, t = 2]: 5288.98; ","Y[i = 1, l = 4, t = 1]: 1.00; Y[i = 1, l = 4, t = 2]: 1.00; "
0.9,0.6,5583.34857456057,5119.213372479573,1.0,0.0,"d[j = 1, t = 1]: 5079.26; d[j = 1, t = 2]: 6878.28; d[j = 2, t = 1]: 660.33; d[j = 2, t = 2]: 588.66; d[j = 3, t = 1]: 0.00; d[j = 3, t = 2]: 0.00; d[j = 4, t = 1]: 7016.33; d[j = 4, t = 2]: 5288.98; ","Y[i = 1, l = 4, t = 1]: 1.00; Y[i = 1, l = 4, t = 2]: 1.00; "
0.9,0.7,5583.34857456057,5119.213372479573,1.0,0.0,"d[j = 1, t = 1]: 5079.26; d[j = 1, t = 2]: 6878.28; d[j = 2, t = 1]: 660.33; d[j = 2, t = 2]: 588.66; d[j = 3, t = 1]: 0.00; d[j = 3, t = 2]: 0.00; d[j = 4, t = 1]: 7016.33; d[j = 4, t = 2]: 5288.98; ","Y[i = 1, l = 4, t = 1]: 1.00; Y[i = 1, l = 4, t = 2]: 1.00; "
0.9,0.8,5583.34857456057,5119.213372479573,1.0,0.0,"d[j = 1, t = 1]: 5079.26; d[j = 1, t = 2]: 6878.28; d[j = 2, t = 1]: 660.33; d[j = 2, t = 2]: 588.66; d[j = 3, t = 1]: 0.00; d[j = 3, t = 2]: 0.00; d[j = 4, t = 1]: 7016.33; d[j = 4, t = 2]: 5288.98; ","Y[i = 1, l = 4, t = 1]: 1.00; Y[i = 1, l = 4, t = 2]: 1.00; "
0.9,0.9,5583.34857456057,5119.213372479573,1.0,0.0,"d[j = 1, t = 1]: 5079.26; d[j = 1, t = 2]: 6878.28; d[j = 2, t = 1]: 660.33; d[j = 2, t = 2]: 588.66; d[j = 3, t = 1]: 0.00; d[j = 3, t = 2]: 0.00; d[j = 4, t = 1]: 7016.33; d[j = 4, t = 2]: 5288.98; ","Y[i = 1, l = 4, t = 1]: 1.00; Y[i = 1, l = 4, t = 2]: 1.00; "
0.9,1.0,5583.34857456057,5119.213372479573,1.0,0.0,"d[j = 1, t = 1]: 5079.26; d[j = 1, t = 2]: 6878.28; d[j = 2, t = 1]: 660.33; d[j = 2, t = 2]: 588.66; d[j = 3, t = 1]: 0.00; d[j = 3, t = 2]: 0.00; d[j = 4, t = 1]: 7016.33; d[j = 4, t = 2]: 5288.98; ","Y[i = 1, l = 4, t = 1]: 1.00; Y[i = 1, l = 4, t = 2]: 1.00; "
1.0,0.0,5579.1463409736625,5119.213372479573,1.0,0.0,"d[j = 1, t = 1]: 5079.26; d[j = 1, t = 2]: 6224.31; d[j = 2, t = 1]: 660.33; d[j = 2, t = 2]: 634.64; d[j = 3, t = 1]: 0.00; d[j = 3, t = 2]: 0.00; d[j = 4, t = 1]: 7016.33; d[j = 4, t = 2]: 5896.96; ","Y[i = 1, l = 4, t = 1]: 1.00; Y[i = 1, l = 4, t = 2]: 1.00; "
1.0,0.1,5595.62427010678,5119.213372479573,1.0,0.0,"d[j = 1, t = 1]: 5079.26; d[j = 1, t = 2]: 6878.28; d[j = 2, t = 1]: 660.33; d[j = 2, t = 2]: 0.00; d[j = 3, t = 1]: 0.00; d[j = 3, t = 2]: 0.00; d[j = 4, t = 1]: 7016.33; d[j = 4, t = 2]: 5877.64; ","Y[i = 1, l = 4, t = 1]: 1.00; Y[i = 1, l = 4, t = 2]: 1.00; "
1.0,0.2,5595.624270106777,5119.213372479573,1.0,0.0,"d[j = 1, t = 1]: 5079.26; d[j = 1, t = 2]: 6878.28; d[j = 2, t = 1]: 660.33; d[j = 2, t = 2]: 0.00; d[j = 3, t = 1]: 0.00; d[j = 3, t = 2]: 0.00; d[j = 4, t = 1]: 7016.33; d[j = 4, t = 2]: 5877.64; ","Y[i = 1, l = 4, t = 1]: 1.00; Y[i = 1, l = 4, t = 2]: 1.00; "
1.0,0.3,5595.62427010678,5119.213372479573,1.0,0.0,"d[j = 1, t = 1]: 5079.26; d[j = 1, t = 2]: 6878.28; d[j = 2, t = 1]: 660.33; d[j = 2, t = 2]: 0.00; d[j = 3, t = 1]: 0.00; d[j = 3, t = 2]: 0.00; d[j = 4, t = 1]: 7016.33; d[j = 4, t = 2]: 5877.64; ","Y[i = 1, l = 4, t = 1]: 1.00; Y[i = 1, l = 4, t = 2]: 1.00; "
1.0,0.4,5595.62427010678,5119.213372479573,1.0,0.0,"d[j = 1, t = 1]: 5079.26; d[j = 1, t = 2]: 6878.28; d[j = 2, t = 1]: 660.33; d[j = 2, t = 2]: 0.00; d[j = 3, t = 1]: 0.00; d[j = 3, t = 2]: 0.00; d[j = 4, t = 1]: 7016.33; d[j = 4, t = 2]: 5877.64; ","Y[i = 1, l = 4, t = 1]: 1.00; Y[i = 1, l = 4, t = 2]: 1.00; "
1.0,0.5,5595.62427010678,5119.213372479573,1.0,0.0,"d[j = 1, t = 1]: 5079.26; d[j = 1, t = 2]: 6878.28; d[j = 2, t = 1]: 660.33; d[j = 2, t = 2]: 0.00; d[j = 3, t = 1]: 0.00; d[j = 3, t = 2]: 0.00; d[j = 4, t = 1]: 7016.33; d[j = 4, t = 2]: 5877.64; ","Y[i = 1, l = 4, t = 1]: 1.00; Y[i = 1, l = 4, t = 2]: 1.00; "
1.0,0.6,5595.62427010678,5119.213372479573,1.0,0.0,"d[j = 1, t = 1]: 5079.26; d[j = 1, t = 2]: 6878.28; d[j = 2, t = 1]: 660.33; d[j = 2, t = 2]: 0.00; d[j = 3, t = 1]: 0.00; d[j = 3, t = 2]: 0.00; d[j = 4, t = 1]: 7016.33; d[j = 4, t = 2]: 5877.64; ","Y[i = 1, l = 4, t = 1]: 1.00; Y[i = 1, l = 4, t = 2]: 1.00; "
1.0,0.7,5595.62427010678,5119.213372479573,1.0,0.0,"d[j = 1, t = 1]: 5079.26; d[j = 1, t = 2]: 6878.28; d[j = 2, t = 1]: 660.33; d[j = 2, t = 2]: 0.00; d[j = 3, t = 1]: 0.00; d[j = 3, t = 2]: 0.00; d[j = 4, t = 1]: 7016.33; d[j = 4, t = 2]: 5877.64; ","Y[i = 1, l = 4, t = 1]: 1.00; Y[i = 1, l = 4, t = 2]: 1.00; "
1.0,0.8,5595.62427010678,5119.213372479573,1.0,0.0,"d[j = 1, t = 1]: 5079.26; d[j = 1, t = 2]: 6878.28; d[j = 2, t = 1]: 660.33; d[j = 2, t = 2]: 0.00; d[j = 3, t = 1]: 0.00; d[j = 3, t = 2]: 0.00; d[j = 4, t = 1]: 7016.33; d[j = 4, t = 2]: 5877.64; ","Y[i = 1, l = 4, t = 1]: 1.00; Y[i = 1, l = 4, t = 2]: 1.00; "
1.0,0.9,5595.62427010678,5119.213372479573,1.0,0.0,"d[j = 1, t = 1]: 5079.26; d[j = 1, t = 2]: 6878.28; d[j = 2, t = 1]: 660.33; d[j = 2, t = 2]: 0.00; d[j = 3, t = 1]: 0.00; d[j = 3, t = 2]: 0.00; d[j = 4, t = 1]: 7016.33; d[j = 4, t = 2]: 5877.64; ","Y[i = 1, l = 4, t = 1]: 1.00; Y[i = 1, l = 4, t = 2]: 1.00; "
1.0,1.0,5595.62427010678,5119.213372479573,1.0,0.0,"d[j = 1, t = 1]: 5079.26; d[j = 1, t = 2]: 6878.28; d[j = 2, t = 1]: 660.33; d[j = 2, t = 2]: 0.00; d[j = 3, t = 1]: 0.00; d[j = 3, t = 2]: 0.00; d[j = 4, t = 1]: 7016.33; d[j = 4, t = 2]: 5877.64; ","Y[i = 1, l = 4, t = 1]: 1.00; Y[i = 1, l = 4, t = 2]: 1.00; "
