FI_spac,FI_temp,worst_case,nominal_case,large_modules,small_modules,worst_decision
0.0,0.0,98952.00072286227,91925.74796119473,3.0,3.0,"Y[i = 1, l = 1, t = 1]: 1.00; Y[i = 1, l = 1, t = 2]: 1.00; Y[i = 1, l = 1, t = 3]: 1.00; Y[i = 1, l = 1, t = 4]: 1.00; Y[i = 4, l = 1, t = 1]: 1.00; Y[i = 4, l = 1, t = 2]: 1.00; Y[i = 4, l = 1, t = 3]: 1.00; Y[i = 4, l = 1, t = 4]: 1.00; Y[i = 5, l = 4, t = 3]: 1.00; Y[i = 7, l = 4, t = 2]: 1.00; Y[i = 7, l = 4, t = 3]: 1.00; Y[i = 8, l = 4, t = 3]: 1.00; Y[i = 9, l = 1, t = 1]: 1.00; Y[i = 9, l = 1, t = 2]: 1.00; Y[i = 9, l = 1, t = 3]: 1.00; Y[i = 9, l = 1, t = 4]: 1.00; "
0.0,0.1,99678.24712848122,91925.74796119476,3.0,3.0,"Y[i = 1, l = 1, t = 1]: 1.00; Y[i = 1, l = 1, t = 2]: 1.00; Y[i = 1, l = 1, t = 3]: 1.00; Y[i = 1, l = 1, t = 4]: 1.00; Y[i = 4, l = 1, t = 1]: 1.00; Y[i = 4, l = 1, t = 2]: 1.00; Y[i = 4, l = 1, t = 3]: 1.00; Y[i = 4, l = 1, t = 4]: 1.00; Y[i = 5, l = 4, t = 3]: 1.00; Y[i = 7, l = 4, t = 2]: 1.00; Y[i = 7, l = 4, t = 3]: 1.00; Y[i = 8, l = 4, t = 3]: 1.00; Y[i = 9, l = 1, t = 1]: 1.00; Y[i = 9, l = 1, t = 2]: 1.00; Y[i = 9, l = 1, t = 3]: 1.00; Y[i = 9, l = 1, t = 4]: 1.00; "
0.0,0.2,100074.60392699737,91925.74796119476,3.0,3.0,"Y[i = 1, l = 1, t = 1]: 1.00; Y[i = 1, l = 1, t = 2]: 1.00; Y[i = 1, l = 1, t = 3]: 1.00; Y[i = 1, l = 1, t = 4]: 1.00; Y[i = 4, l = 1, t = 1]: 1.00; Y[i = 4, l = 1, t = 2]: 1.00; Y[i = 4, l = 1, t = 3]: 1.00; Y[i = 4, l = 1, t = 4]: 1.00; Y[i = 5, l = 4, t = 3]: 1.00; Y[i = 7, l = 4, t = 2]: 1.00; Y[i = 7, l = 4, t = 3]: 1.00; Y[i = 8, l = 4, t = 3]: 1.00; Y[i = 9, l = 1, t = 1]: 1.00; Y[i = 9, l = 1, t = 2]: 1.00; Y[i = 9, l = 1, t = 3]: 1.00; Y[i = 9, l = 1, t = 4]: 1.00; "
0.0,0.3,100003.69917713838,91925.74796119476,3.0,3.0,"Y[i = 1, l = 1, t = 1]: 1.00; Y[i = 1, l = 1, t = 2]: 1.00; Y[i = 1, l = 1, t = 3]: 1.00; Y[i = 1, l = 1, t = 4]: 1.00; Y[i = 4, l = 1, t = 1]: 1.00; Y[i = 4, l = 1, t = 2]: 1.00; Y[i = 4, l = 1, t = 3]: 1.00; Y[i = 4, l = 1, t = 4]: 1.00; Y[i = 5, l = 4, t = 3]: 1.00; Y[i = 7, l = 4, t = 2]: 1.00; Y[i = 7, l = 4, t = 3]: 1.00; Y[i = 8, l = 4, t = 3]: 1.00; Y[i = 9, l = 1, t = 1]: 1.00; Y[i = 9, l = 1, t = 2]: 1.00; Y[i = 9, l = 1, t = 3]: 1.00; Y[i = 9, l = 1, t = 4]: 1.00; "
0.0,0.4,100003.69917713838,91925.74796119476,3.0,3.0,"Y[i = 1, l = 1, t = 1]: 1.00; Y[i = 1, l = 1, t = 2]: 1.00; Y[i = 1, l = 1, t = 3]: 1.00; Y[i = 1, l = 1, t = 4]: 1.00; Y[i = 4, l = 1, t = 1]: 1.00; Y[i = 4, l = 1, t = 2]: 1.00; Y[i = 4, l = 1, t = 3]: 1.00; Y[i = 4, l = 1, t = 4]: 1.00; Y[i = 5, l = 4, t = 3]: 1.00; Y[i = 7, l = 4, t = 2]: 1.00; Y[i = 7, l = 4, t = 3]: 1.00; Y[i = 8, l = 4, t = 3]: 1.00; Y[i = 9, l = 1, t = 1]: 1.00; Y[i = 9, l = 1, t = 2]: 1.00; Y[i = 9, l = 1, t = 3]: 1.00; Y[i = 9, l = 1, t = 4]: 1.00; "
0.0,0.5,100003.69917713838,91925.74796119476,3.0,3.0,"Y[i = 1, l = 1, t = 1]: 1.00; Y[i = 1, l = 1, t = 2]: 1.00; Y[i = 1, l = 1, t = 3]: 1.00; Y[i = 1, l = 1, t = 4]: 1.00; Y[i = 4, l = 1, t = 1]: 1.00; Y[i = 4, l = 1, t = 2]: 1.00; Y[i = 4, l = 1, t = 3]: 1.00; Y[i = 4, l = 1, t = 4]: 1.00; Y[i = 5, l = 4, t = 3]: 1.00; Y[i = 7, l = 4, t = 2]: 1.00; Y[i = 7, l = 4, t = 3]: 1.00; Y[i = 8, l = 4, t = 3]: 1.00; Y[i = 9, l = 1, t = 1]: 1.00; Y[i = 9, l = 1, t = 2]: 1.00; Y[i = 9, l = 1, t = 3]: 1.00; Y[i = 9, l = 1, t = 4]: 1.00; "
0.0,0.6,100003.69917713838,91925.74796119476,3.0,3.0,"Y[i = 1, l = 1, t = 1]: 1.00; Y[i = 1, l = 1, t = 2]: 1.00; Y[i = 1, l = 1, t = 3]: 1.00; Y[i = 1, l = 1, t = 4]: 1.00; Y[i = 4, l = 1, t = 1]: 1.00; Y[i = 4, l = 1, t = 2]: 1.00; Y[i = 4, l = 1, t = 3]: 1.00; Y[i = 4, l = 1, t = 4]: 1.00; Y[i = 5, l = 4, t = 3]: 1.00; Y[i = 7, l = 4, t = 2]: 1.00; Y[i = 7, l = 4, t = 3]: 1.00; Y[i = 8, l = 4, t = 3]: 1.00; Y[i = 9, l = 1, t = 1]: 1.00; Y[i = 9, l = 1, t = 2]: 1.00; Y[i = 9, l = 1, t = 3]: 1.00; Y[i = 9, l = 1, t = 4]: 1.00; "
0.0,0.7,100003.69917713838,91925.74796119476,3.0,3.0,"Y[i = 1, l = 1, t = 1]: 1.00; Y[i = 1, l = 1, t = 2]: 1.00; Y[i = 1, l = 1, t = 3]: 1.00; Y[i = 1, l = 1, t = 4]: 1.00; Y[i = 4, l = 1, t = 1]: 1.00; Y[i = 4, l = 1, t = 2]: 1.00; Y[i = 4, l = 1, t = 3]: 1.00; Y[i = 4, l = 1, t = 4]: 1.00; Y[i = 5, l = 4, t = 3]: 1.00; Y[i = 7, l = 4, t = 2]: 1.00; Y[i = 7, l = 4, t = 3]: 1.00; Y[i = 8, l = 4, t = 3]: 1.00; Y[i = 9, l = 1, t = 1]: 1.00; Y[i = 9, l = 1, t = 2]: 1.00; Y[i = 9, l = 1, t = 3]: 1.00; Y[i = 9, l = 1, t = 4]: 1.00; "
0.0,0.8,100003.69917713838,91925.74796119476,3.0,3.0,"Y[i = 1, l = 1, t = 1]: 1.00; Y[i = 1, l = 1, t = 2]: 1.00; Y[i = 1, l = 1, t = 3]: 1.00; Y[i = 1, l = 1, t = 4]: 1.00; Y[i = 4, l = 1, t = 1]: 1.00; Y[i = 4, l = 1, t = 2]: 1.00; Y[i = 4, l = 1, t = 3]: 1.00; Y[i = 4, l = 1, t = 4]: 1.00; Y[i = 5, l = 4, t = 3]: 1.00; Y[i = 7, l = 4, t = 2]: 1.00; Y[i = 7, l = 4, t = 3]: 1.00; Y[i = 8, l = 4, t = 3]: 1.00; Y[i = 9, l = 1, t = 1]: 1.00; Y[i = 9, l = 1, t = 2]: 1.00; Y[i = 9, l = 1, t = 3]: 1.00; Y[i = 9, l = 1, t = 4]: 1.00; "
0.0,0.9,100003.69917713838,91925.74796119476,3.0,3.0,"Y[i = 1, l = 1, t = 1]: 1.00; Y[i = 1, l = 1, t = 2]: 1.00; Y[i = 1, l = 1, t = 3]: 1.00; Y[i = 1, l = 1, t = 4]: 1.00; Y[i = 4, l = 1, t = 1]: 1.00; Y[i = 4, l = 1, t = 2]: 1.00; Y[i = 4, l = 1, t = 3]: 1.00; Y[i = 4, l = 1, t = 4]: 1.00; Y[i = 5, l = 4, t = 3]: 1.00; Y[i = 7, l = 4, t = 2]: 1.00; Y[i = 7, l = 4, t = 3]: 1.00; Y[i = 8, l = 4, t = 3]: 1.00; Y[i = 9, l = 1, t = 1]: 1.00; Y[i = 9, l = 1, t = 2]: 1.00; Y[i = 9, l = 1, t = 3]: 1.00; Y[i = 9, l = 1, t = 4]: 1.00; "
0.0,1.0,100003.69917713838,91925.74796119476,3.0,3.0,"Y[i = 1, l = 1, t = 1]: 1.00; Y[i = 1, l = 1, t = 2]: 1.00; Y[i = 1, l = 1, t = 3]: 1.00; Y[i = 1, l = 1, t = 4]: 1.00; Y[i = 4, l = 1, t = 1]: 1.00; Y[i = 4, l = 1, t = 2]: 1.00; Y[i = 4, l = 1, t = 3]: 1.00; Y[i = 4, l = 1, t = 4]: 1.00; Y[i = 5, l = 4, t = 3]: 1.00; Y[i = 7, l = 4, t = 2]: 1.00; Y[i = 7, l = 4, t = 3]: 1.00; Y[i = 8, l = 4, t = 3]: 1.00; Y[i = 9, l = 1, t = 1]: 1.00; Y[i = 9, l = 1, t = 2]: 1.00; Y[i = 9, l = 1, t = 3]: 1.00; Y[i = 9, l = 1, t = 4]: 1.00; "
0.1,0.0,99637.3395945722,91925.74796119476,3.0,3.0,"Y[i = 1, l = 1, t = 1]: 1.00; Y[i = 1, l = 1, t = 2]: 1.00; Y[i = 1, l = 1, t = 3]: 1.00; Y[i = 1, l = 1, t = 4]: 1.00; Y[i = 4, l = 1, t = 1]: 1.00; Y[i = 4, l = 1, t = 2]: 1.00; Y[i = 4, l = 1, t = 3]: 1.00; Y[i = 4, l = 1, t = 4]: 1.00; Y[i = 5, l = 4, t = 3]: 1.00; Y[i = 7, l = 4, t = 2]: 1.00; Y[i = 7, l = 4, t = 3]: 1.00; Y[i = 8, l = 4, t = 3]: 1.00; Y[i = 9, l = 1, t = 1]: 1.00; Y[i = 9, l = 1, t = 2]: 1.00; Y[i = 9, l = 1, t = 3]: 1.00; Y[i = 9, l = 1, t = 4]: 1.00; "
0.1,0.1,100354.65940322433,91925.74796119476,3.0,3.0,"Y[i = 1, l = 1, t = 1]: 1.00; Y[i = 1, l = 1, t = 2]: 1.00; Y[i = 1, l = 1, t = 3]: 1.00; Y[i = 1, l = 1, t = 4]: 1.00; Y[i = 4, l = 1, t = 1]: 1.00; Y[i = 4, l = 1, t = 2]: 1.00; Y[i = 4, l = 1, t = 3]: 1.00; Y[i = 4, l = 1, t = 4]: 1.00; Y[i = 5, l = 4, t = 3]: 1.00; Y[i = 7, l = 4, t = 2]: 1.00; Y[i = 7, l = 4, t = 3]: 1.00; Y[i = 8, l = 4, t = 3]: 1.00; Y[i = 9, l = 1, t = 1]: 1.00; Y[i = 9, l = 1, t = 2]: 1.00; Y[i = 9, l = 1, t = 3]: 1.00; Y[i = 9, l = 1, t = 4]: 1.00; "
0.1,0.2,100604.02020279127,91925.74796119476,3.0,3.0,"Y[i = 1, l = 1, t = 1]: 1.00; Y[i = 1, l = 1, t = 2]: 1.00; Y[i = 1, l = 1, t = 3]: 1.00; Y[i = 1, l = 1, t = 4]: 1.00; Y[i = 4, l = 1, t = 1]: 1.00; Y[i = 4, l = 1, t = 2]: 1.00; Y[i = 4, l = 1, t = 3]: 1.00; Y[i = 4, l = 1, t = 4]: 1.00; Y[i = 5, l = 4, t = 3]: 1.00; Y[i = 7, l = 4, t = 2]: 1.00; Y[i = 7, l = 4, t = 3]: 1.00; Y[i = 8, l = 4, t = 3]: 1.00; Y[i = 9, l = 1, t = 1]: 1.00; Y[i = 9, l = 1, t = 2]: 1.00; Y[i = 9, l = 1, t = 3]: 1.00; Y[i = 9, l = 1, t = 4]: 1.00; "
0.1,0.3,100604.02020279129,91925.74796119476,3.0,3.0,"Y[i = 1, l = 1, t = 1]: 1.00; Y[i = 1, l = 1, t = 2]: 1.00; Y[i = 1, l = 1, t = 3]: 1.00; Y[i = 1, l = 1, t = 4]: 1.00; Y[i = 4, l = 1, t = 1]: 1.00; Y[i = 4, l = 1, t = 2]: 1.00; Y[i = 4, l = 1, t = 3]: 1.00; Y[i = 4, l = 1, t = 4]: 1.00; Y[i = 5, l = 4, t = 3]: 1.00; Y[i = 7, l = 4, t = 2]: 1.00; Y[i = 7, l = 4, t = 3]: 1.00; Y[i = 8, l = 4, t = 3]: 1.00; Y[i = 9, l = 1, t = 1]: 1.00; Y[i = 9, l = 1, t = 2]: 1.00; Y[i = 9, l = 1, t = 3]: 1.00; Y[i = 9, l = 1, t = 4]: 1.00; "
0.1,0.4,100604.02020279127,91925.74796119476,3.0,3.0,"Y[i = 1, l = 1, t = 1]: 1.00; Y[i = 1, l = 1, t = 2]: 1.00; Y[i = 1, l = 1, t = 3]: 1.00; Y[i = 1, l = 1, t = 4]: 1.00; Y[i = 4, l = 1, t = 1]: 1.00; Y[i = 4, l = 1, t = 2]: 1.00; Y[i = 4, l = 1, t = 3]: 1.00; Y[i = 4, l = 1, t = 4]: 1.00; Y[i = 5, l = 4, t = 3]: 1.00; Y[i = 7, l = 4, t = 2]: 1.00; Y[i = 7, l = 4, t = 3]: 1.00; Y[i = 8, l = 4, t = 3]: 1.00; Y[i = 9, l = 1, t = 1]: 1.00; Y[i = 9, l = 1, t = 2]: 1.00; Y[i = 9, l = 1, t = 3]: 1.00; Y[i = 9, l = 1, t = 4]: 1.00; "
0.1,0.5,100604.02020279127,91925.74796119476,3.0,3.0,"Y[i = 1, l = 1, t = 1]: 1.00; Y[i = 1, l = 1, t = 2]: 1.00; Y[i = 1, l = 1, t = 3]: 1.00; Y[i = 1, l = 1, t = 4]: 1.00; Y[i = 4, l = 1, t = 1]: 1.00; Y[i = 4, l = 1, t = 2]: 1.00; Y[i = 4, l = 1, t = 3]: 1.00; Y[i = 4, l = 1, t = 4]: 1.00; Y[i = 5, l = 4, t = 3]: 1.00; Y[i = 7, l = 4, t = 2]: 1.00; Y[i = 7, l = 4, t = 3]: 1.00; Y[i = 8, l = 4, t = 3]: 1.00; Y[i = 9, l = 1, t = 1]: 1.00; Y[i = 9, l = 1, t = 2]: 1.00; Y[i = 9, l = 1, t = 3]: 1.00; Y[i = 9, l = 1, t = 4]: 1.00; "
0.1,0.6,100604.02020279127,91925.74796119476,3.0,3.0,"Y[i = 1, l = 1, t = 1]: 1.00; Y[i = 1, l = 1, t = 2]: 1.00; Y[i = 1, l = 1, t = 3]: 1.00; Y[i = 1, l = 1, t = 4]: 1.00; Y[i = 4, l = 1, t = 1]: 1.00; Y[i = 4, l = 1, t = 2]: 1.00; Y[i = 4, l = 1, t = 3]: 1.00; Y[i = 4, l = 1, t = 4]: 1.00; Y[i = 5, l = 4, t = 3]: 1.00; Y[i = 7, l = 4, t = 2]: 1.00; Y[i = 7, l = 4, t = 3]: 1.00; Y[i = 8, l = 4, t = 3]: 1.00; Y[i = 9, l = 1, t = 1]: 1.00; Y[i = 9, l = 1, t = 2]: 1.00; Y[i = 9, l = 1, t = 3]: 1.00; Y[i = 9, l = 1, t = 4]: 1.00; "
0.1,0.7,100604.02020279127,91925.74796119476,3.0,3.0,"Y[i = 1, l = 1, t = 1]: 1.00; Y[i = 1, l = 1, t = 2]: 1.00; Y[i = 1, l = 1, t = 3]: 1.00; Y[i = 1, l = 1, t = 4]: 1.00; Y[i = 4, l = 1, t = 1]: 1.00; Y[i = 4, l = 1, t = 2]: 1.00; Y[i = 4, l = 1, t = 3]: 1.00; Y[i = 4, l = 1, t = 4]: 1.00; Y[i = 5, l = 4, t = 3]: 1.00; Y[i = 7, l = 4, t = 2]: 1.00; Y[i = 7, l = 4, t = 3]: 1.00; Y[i = 8, l = 4, t = 3]: 1.00; Y[i = 9, l = 1, t = 1]: 1.00; Y[i = 9, l = 1, t = 2]: 1.00; Y[i = 9, l = 1, t = 3]: 1.00; Y[i = 9, l = 1, t = 4]: 1.00; "
0.1,0.8,100604.02020279127,91925.74796119476,3.0,3.0,"Y[i = 1, l = 1, t = 1]: 1.00; Y[i = 1, l = 1, t = 2]: 1.00; Y[i = 1, l = 1, t = 3]: 1.00; Y[i = 1, l = 1, t = 4]: 1.00; Y[i = 4, l = 1, t = 1]: 1.00; Y[i = 4, l = 1, t = 2]: 1.00; Y[i = 4, l = 1, t = 3]: 1.00; Y[i = 4, l = 1, t = 4]: 1.00; Y[i = 5, l = 4, t = 3]: 1.00; Y[i = 7, l = 4, t = 2]: 1.00; Y[i = 7, l = 4, t = 3]: 1.00; Y[i = 8, l = 4, t = 3]: 1.00; Y[i = 9, l = 1, t = 1]: 1.00; Y[i = 9, l = 1, t = 2]: 1.00; Y[i = 9, l = 1, t = 3]: 1.00; Y[i = 9, l = 1, t = 4]: 1.00; "
0.1,0.9,100604.02020279127,91925.74796119476,3.0,3.0,"Y[i = 1, l = 1, t = 1]: 1.00; Y[i = 1, l = 1, t = 2]: 1.00; Y[i = 1, l = 1, t = 3]: 1.00; Y[i = 1, l = 1, t = 4]: 1.00; Y[i = 4, l = 1, t = 1]: 1.00; Y[i = 4, l = 1, t = 2]: 1.00; Y[i = 4, l = 1, t = 3]: 1.00; Y[i = 4, l = 1, t = 4]: 1.00; Y[i = 5, l = 4, t = 3]: 1.00; Y[i = 7, l = 4, t = 2]: 1.00; Y[i = 7, l = 4, t = 3]: 1.00; Y[i = 8, l = 4, t = 3]: 1.00; Y[i = 9, l = 1, t = 1]: 1.00; Y[i = 9, l = 1, t = 2]: 1.00; Y[i = 9, l = 1, t = 3]: 1.00; Y[i = 9, l = 1, t = 4]: 1.00; "
0.1,1.0,100604.02020279127,91925.74796119476,3.0,3.0,"Y[i = 1, l = 1, t = 1]: 1.00; Y[i = 1, l = 1, t = 2]: 1.00; Y[i = 1, l = 1, t = 3]: 1.00; Y[i = 1, l = 1, t = 4]: 1.00; Y[i = 4, l = 1, t = 1]: 1.00; Y[i = 4, l = 1, t = 2]: 1.00; Y[i = 4, l = 1, t = 3]: 1.00; Y[i = 4, l = 1, t = 4]: 1.00; Y[i = 5, l = 4, t = 3]: 1.00; Y[i = 7, l = 4, t = 2]: 1.00; Y[i = 7, l = 4, t = 3]: 1.00; Y[i = 8, l = 4, t = 3]: 1.00; Y[i = 9, l = 1, t = 1]: 1.00; Y[i = 9, l = 1, t = 2]: 1.00; Y[i = 9, l = 1, t = 3]: 1.00; Y[i = 9, l = 1, t = 4]: 1.00; "
0.2,0.0,100101.84312628013,91925.74796119476,3.0,3.0,"Y[i = 1, l = 1, t = 1]: 1.00; Y[i = 1, l = 1, t = 2]: 1.00; Y[i = 1, l = 1, t = 3]: 1.00; Y[i = 1, l = 1, t = 4]: 1.00; Y[i = 4, l = 1, t = 1]: 1.00; Y[i = 4, l = 1, t = 2]: 1.00; Y[i = 4, l = 1, t = 3]: 1.00; Y[i = 4, l = 1, t = 4]: 1.00; Y[i = 5, l = 4, t = 3]: 1.00; Y[i = 7, l = 4, t = 2]: 1.00; Y[i = 7, l = 4, t = 3]: 1.00; Y[i = 8, l = 4, t = 3]: 1.00; Y[i = 9, l = 1, t = 1]: 1.00; Y[i = 9, l = 1, t = 2]: 1.00; Y[i = 9, l = 1, t = 3]: 1.00; Y[i = 9, l = 1, t = 4]: 1.00; "
0.2,0.1,101382.11644041778,91925.74796119476,3.0,3.0,"Y[i = 1, l = 1, t = 1]: 1.00; Y[i = 1, l = 1, t = 2]: 1.00; Y[i = 1, l = 1, t = 3]: 1.00; Y[i = 1, l = 1, t = 4]: 1.00; Y[i = 4, l = 1, t = 1]: 1.00; Y[i = 4, l = 1, t = 2]: 1.00; Y[i = 4, l = 1, t = 3]: 1.00; Y[i = 4, l = 1, t = 4]: 1.00; Y[i = 5, l = 4, t = 3]: 1.00; Y[i = 7, l = 4, t = 2]: 1.00; Y[i = 7, l = 4, t = 3]: 1.00; Y[i = 8, l = 4, t = 3]: 1.00; Y[i = 9, l = 1, t = 1]: 1.00; Y[i = 9, l = 1, t = 2]: 1.00; Y[i = 9, l = 1, t = 3]: 1.00; Y[i = 9, l = 1, t = 4]: 1.00; "
0.2,0.2,102100.85947022503,91925.74796119476,3.0,3.0,"Y[i = 1, l = 1, t = 1]: 1.00; Y[i = 1, l = 1, t = 2]: 1.00; Y[i = 1, l = 1, t = 3]: 1.00; Y[i = 1, l = 1, t = 4]: 1.00; Y[i = 4, l = 1, t = 1]: 1.00; Y[i = 4, l = 1, t = 2]: 1.00; Y[i = 4, l = 1, t = 3]: 1.00; Y[i = 4, l = 1, t = 4]: 1.00; Y[i = 5, l = 4, t = 3]: 1.00; Y[i = 7, l = 4, t = 2]: 1.00; Y[i = 7, l = 4, t = 3]: 1.00; Y[i = 8, l = 4, t = 3]: 1.00; Y[i = 9, l = 1, t = 1]: 1.00; Y[i = 9, l = 1, t = 2]: 1.00; Y[i = 9, l = 1, t = 3]: 1.00; Y[i = 9, l = 1, t = 4]: 1.00; "
0.2,0.3,102113.2695687605,91925.74796119476,3.0,3.0,"Y[i = 1, l = 1, t = 1]: 1.00; Y[i = 1, l = 1, t = 2]: 1.00; Y[i = 1, l = 1, t = 3]: 1.00; Y[i = 1, l = 1, t = 4]: 1.00; Y[i = 4, l = 1, t = 1]: 1.00; Y[i = 4, l = 1, t = 2]: 1.00; Y[i = 4, l = 1, t = 3]: 1.00; Y[i = 4, l = 1, t = 4]: 1.00; Y[i = 5, l = 4, t = 2]: 1.00; Y[i = 5, l = 4, t = 3]: 1.00; Y[i = 7, l = 4, t = 3]: 1.00; Y[i = 8, l = 4, t = 3]: 1.00; Y[i = 9, l = 1, t = 1]: 1.00; Y[i = 9, l = 1, t = 2]: 1.00; Y[i = 9, l = 1, t = 3]: 1.00; Y[i = 9, l = 1, t = 4]: 1.00; "
0.2,0.4,102113.2695687605,91925.74796119476,3.0,3.0,"Y[i = 1, l = 1, t = 1]: 1.00; Y[i = 1, l = 1, t = 2]: 1.00; Y[i = 1, l = 1, t = 3]: 1.00; Y[i = 1, l = 1, t = 4]: 1.00; Y[i = 4, l = 1, t = 1]: 1.00; Y[i = 4, l = 1, t = 2]: 1.00; Y[i = 4, l = 1, t = 3]: 1.00; Y[i = 4, l = 1, t = 4]: 1.00; Y[i = 5, l = 4, t = 2]: 1.00; Y[i = 5, l = 4, t = 3]: 1.00; Y[i = 7, l = 4, t = 3]: 1.00; Y[i = 8, l = 4, t = 3]: 1.00; Y[i = 9, l = 1, t = 1]: 1.00; Y[i = 9, l = 1, t = 2]: 1.00; Y[i = 9, l = 1, t = 3]: 1.00; Y[i = 9, l = 1, t = 4]: 1.00; "
0.2,0.5,102113.26956876049,91925.74796119476,3.0,3.0,"Y[i = 1, l = 1, t = 1]: 1.00; Y[i = 1, l = 1, t = 2]: 1.00; Y[i = 1, l = 1, t = 3]: 1.00; Y[i = 1, l = 1, t = 4]: 1.00; Y[i = 4, l = 1, t = 1]: 1.00; Y[i = 4, l = 1, t = 2]: 1.00; Y[i = 4, l = 1, t = 3]: 1.00; Y[i = 4, l = 1, t = 4]: 1.00; Y[i = 5, l = 4, t = 2]: 1.00; Y[i = 5, l = 4, t = 3]: 1.00; Y[i = 7, l = 4, t = 3]: 1.00; Y[i = 8, l = 4, t = 3]: 1.00; Y[i = 9, l = 1, t = 1]: 1.00; Y[i = 9, l = 1, t = 2]: 1.00; Y[i = 9, l = 1, t = 3]: 1.00; Y[i = 9, l = 1, t = 4]: 1.00; "
0.2,0.6,102113.26956876052,91925.74796119476,3.0,3.0,"Y[i = 1, l = 1, t = 1]: 1.00; Y[i = 1, l = 1, t = 2]: 1.00; Y[i = 1, l = 1, t = 3]: 1.00; Y[i = 1, l = 1, t = 4]: 1.00; Y[i = 4, l = 1, t = 1]: 1.00; Y[i = 4, l = 1, t = 2]: 1.00; Y[i = 4, l = 1, t = 3]: 1.00; Y[i = 4, l = 1, t = 4]: 1.00; Y[i = 5, l = 4, t = 2]: 1.00; Y[i = 5, l = 4, t = 3]: 1.00; Y[i = 7, l = 4, t = 3]: 1.00; Y[i = 8, l = 4, t = 3]: 1.00; Y[i = 9, l = 1, t = 1]: 1.00; Y[i = 9, l = 1, t = 2]: 1.00; Y[i = 9, l = 1, t = 3]: 1.00; Y[i = 9, l = 1, t = 4]: 1.00; "
0.2,0.7,102113.26956876046,91925.74796119476,3.0,3.0,"Y[i = 1, l = 1, t = 1]: 1.00; Y[i = 1, l = 1, t = 2]: 1.00; Y[i = 1, l = 1, t = 3]: 1.00; Y[i = 1, l = 1, t = 4]: 1.00; Y[i = 4, l = 1, t = 1]: 1.00; Y[i = 4, l = 1, t = 2]: 1.00; Y[i = 4, l = 1, t = 3]: 1.00; Y[i = 4, l = 1, t = 4]: 1.00; Y[i = 5, l = 4, t = 2]: 1.00; Y[i = 5, l = 4, t = 3]: 1.00; Y[i = 7, l = 4, t = 3]: 1.00; Y[i = 8, l = 4, t = 3]: 1.00; Y[i = 9, l = 1, t = 1]: 1.00; Y[i = 9, l = 1, t = 2]: 1.00; Y[i = 9, l = 1, t = 3]: 1.00; Y[i = 9, l = 1, t = 4]: 1.00; "
0.2,0.8,102113.26956876049,91925.74796119476,3.0,3.0,"Y[i = 1, l = 1, t = 1]: 1.00; Y[i = 1, l = 1, t = 2]: 1.00; Y[i = 1, l = 1, t = 3]: 1.00; Y[i = 1, l = 1, t = 4]: 1.00; Y[i = 4, l = 1, t = 1]: 1.00; Y[i = 4, l = 1, t = 2]: 1.00; Y[i = 4, l = 1, t = 3]: 1.00; Y[i = 4, l = 1, t = 4]: 1.00; Y[i = 5, l = 4, t = 2]: 1.00; Y[i = 5, l = 4, t = 3]: 1.00; Y[i = 7, l = 4, t = 3]: 1.00; Y[i = 8, l = 4, t = 3]: 1.00; Y[i = 9, l = 1, t = 1]: 1.00; Y[i = 9, l = 1, t = 2]: 1.00; Y[i = 9, l = 1, t = 3]: 1.00; Y[i = 9, l = 1, t = 4]: 1.00; "
0.2,0.9,102113.26956876049,91925.74796119476,3.0,3.0,"Y[i = 1, l = 1, t = 1]: 1.00; Y[i = 1, l = 1, t = 2]: 1.00; Y[i = 1, l = 1, t = 3]: 1.00; Y[i = 1, l = 1, t = 4]: 1.00; Y[i = 4, l = 1, t = 1]: 1.00; Y[i = 4, l = 1, t = 2]: 1.00; Y[i = 4, l = 1, t = 3]: 1.00; Y[i = 4, l = 1, t = 4]: 1.00; Y[i = 5, l = 4, t = 2]: 1.00; Y[i = 5, l = 4, t = 3]: 1.00; Y[i = 7, l = 4, t = 3]: 1.00; Y[i = 8, l = 4, t = 3]: 1.00; Y[i = 9, l = 1, t = 1]: 1.00; Y[i = 9, l = 1, t = 2]: 1.00; Y[i = 9, l = 1, t = 3]: 1.00; Y[i = 9, l = 1, t = 4]: 1.00; "
0.2,1.0,102113.2695687605,91925.74796119476,3.0,3.0,"Y[i = 1, l = 1, t = 1]: 1.00; Y[i = 1, l = 1, t = 2]: 1.00; Y[i = 1, l = 1, t = 3]: 1.00; Y[i = 1, l = 1, t = 4]: 1.00; Y[i = 4, l = 1, t = 1]: 1.00; Y[i = 4, l = 1, t = 2]: 1.00; Y[i = 4, l = 1, t = 3]: 1.00; Y[i = 4, l = 1, t = 4]: 1.00; Y[i = 5, l = 4, t = 2]: 1.00; Y[i = 5, l = 4, t = 3]: 1.00; Y[i = 7, l = 4, t = 3]: 1.00; Y[i = 8, l = 4, t = 3]: 1.00; Y[i = 9, l = 1, t = 1]: 1.00; Y[i = 9, l = 1, t = 2]: 1.00; Y[i = 9, l = 1, t = 3]: 1.00; Y[i = 9, l = 1, t = 4]: 1.00; "
0.3,0.0,100301.53992780409,91925.74796119476,3.0,3.0,"Y[i = 1, l = 1, t = 1]: 1.00; Y[i = 1, l = 1, t = 2]: 1.00; Y[i = 1, l = 1, t = 3]: 1.00; Y[i = 1, l = 1, t = 4]: 1.00; Y[i = 4, l = 1, t = 1]: 1.00; Y[i = 4, l = 1, t = 2]: 1.00; Y[i = 4, l = 1, t = 3]: 1.00; Y[i = 4, l = 1, t = 4]: 1.00; Y[i = 5, l = 4, t = 3]: 1.00; Y[i = 7, l = 4, t = 3]: 1.00; Y[i = 8, l = 4, t = 2]: 1.00; Y[i = 8, l = 4, t = 3]: 1.00; Y[i = 9, l = 1, t = 1]: 1.00; Y[i = 9, l = 1, t = 2]: 1.00; Y[i = 9, l = 1, t = 3]: 1.00; Y[i = 9, l = 1, t = 4]: 1.00; "
0.3,0.1,102078.21860148334,91925.74796119476,3.0,3.0,"Y[i = 1, l = 1, t = 1]: 1.00; Y[i = 1, l = 1, t = 2]: 1.00; Y[i = 1, l = 1, t = 3]: 1.00; Y[i = 1, l = 1, t = 4]: 1.00; Y[i = 4, l = 1, t = 1]: 1.00; Y[i = 4, l = 1, t = 2]: 1.00; Y[i = 4, l = 1, t = 3]: 1.00; Y[i = 4, l = 1, t = 4]: 1.00; Y[i = 5, l = 4, t = 3]: 1.00; Y[i = 7, l = 4, t = 2]: 1.00; Y[i = 7, l = 4, t = 3]: 1.00; Y[i = 8, l = 4, t = 3]: 1.00; Y[i = 9, l = 1, t = 1]: 1.00; Y[i = 9, l = 1, t = 2]: 1.00; Y[i = 9, l = 1, t = 3]: 1.00; Y[i = 9, l = 1, t = 4]: 1.00; "
0.3,0.2,102784.99058787305,91925.74796119476,3.0,3.0,"Y[i = 1, l = 1, t = 1]: 1.00; Y[i = 1, l = 1, t = 2]: 1.00; Y[i = 1, l = 1, t = 3]: 1.00; Y[i = 1, l = 1, t = 4]: 1.00; Y[i = 4, l = 1, t = 1]: 1.00; Y[i = 4, l = 1, t = 2]: 1.00; Y[i = 4, l = 1, t = 3]: 1.00; Y[i = 4, l = 1, t = 4]: 1.00; Y[i = 5, l = 4, t = 3]: 1.00; Y[i = 7, l = 4, t = 2]: 1.00; Y[i = 7, l = 4, t = 3]: 1.00; Y[i = 8, l = 4, t = 3]: 1.00; Y[i = 9, l = 1, t = 1]: 1.00; Y[i = 9, l = 1, t = 2]: 1.00; Y[i = 9, l = 1, t = 3]: 1.00; Y[i = 9, l = 1, t = 4]: 1.00; "
0.3,0.3,102902.78210418763,91925.74796119476,3.0,3.0,"Y[i = 1, l = 1, t = 1]: 1.00; Y[i = 1, l = 1, t = 2]: 1.00; Y[i = 1, l = 1, t = 3]: 1.00; Y[i = 1, l = 1, t = 4]: 1.00; Y[i = 4, l = 1, t = 1]: 1.00; Y[i = 4, l = 1, t = 2]: 1.00; Y[i = 4, l = 1, t = 3]: 1.00; Y[i = 4, l = 1, t = 4]: 1.00; Y[i = 5, l = 4, t = 3]: 1.00; Y[i = 7, l = 4, t = 2]: 1.00; Y[i = 7, l = 4, t = 3]: 1.00; Y[i = 8, l = 4, t = 3]: 1.00; Y[i = 9, l = 1, t = 1]: 1.00; Y[i = 9, l = 1, t = 2]: 1.00; Y[i = 9, l = 1, t = 3]: 1.00; Y[i = 9, l = 1, t = 4]: 1.00; "
0.3,0.4,102902.78210418762,91925.74796119476,3.0,3.0,"Y[i = 1, l = 1, t = 1]: 1.00; Y[i = 1, l = 1, t = 2]: 1.00; Y[i = 1, l = 1, t = 3]: 1.00; Y[i = 1, l = 1, t = 4]: 1.00; Y[i = 4, l = 1, t = 1]: 1.00; Y[i = 4, l = 1, t = 2]: 1.00; Y[i = 4, l = 1, t = 3]: 1.00; Y[i = 4, l = 1, t = 4]: 1.00; Y[i = 5, l = 4, t = 3]: 1.00; Y[i = 7, l = 4, t = 2]: 1.00; Y[i = 7, l = 4, t = 3]: 1.00; Y[i = 8, l = 4, t = 3]: 1.00; Y[i = 9, l = 1, t = 1]: 1.00; Y[i = 9, l = 1, t = 2]: 1.00; Y[i = 9, l = 1, t = 3]: 1.00; Y[i = 9, l = 1, t = 4]: 1.00; "
0.3,0.5,102902.78210418762,91925.74796119476,3.0,3.0,"Y[i = 1, l = 1, t = 1]: 1.00; Y[i = 1, l = 1, t = 2]: 1.00; Y[i = 1, l = 1, t = 3]: 1.00; Y[i = 1, l = 1, t = 4]: 1.00; Y[i = 4, l = 1, t = 1]: 1.00; Y[i = 4, l = 1, t = 2]: 1.00; Y[i = 4, l = 1, t = 3]: 1.00; Y[i = 4, l = 1, t = 4]: 1.00; Y[i = 5, l = 4, t = 3]: 1.00; Y[i = 7, l = 4, t = 2]: 1.00; Y[i = 7, l = 4, t = 3]: 1.00; Y[i = 8, l = 4, t = 3]: 1.00; Y[i = 9, l = 1, t = 1]: 1.00; Y[i = 9, l = 1, t = 2]: 1.00; Y[i = 9, l = 1, t = 3]: 1.00; Y[i = 9, l = 1, t = 4]: 1.00; "
0.3,0.6,102902.78210418762,91925.74796119476,3.0,3.0,"Y[i = 1, l = 1, t = 1]: 1.00; Y[i = 1, l = 1, t = 2]: 1.00; Y[i = 1, l = 1, t = 3]: 1.00; Y[i = 1, l = 1, t = 4]: 1.00; Y[i = 4, l = 1, t = 1]: 1.00; Y[i = 4, l = 1, t = 2]: 1.00; Y[i = 4, l = 1, t = 3]: 1.00; Y[i = 4, l = 1, t = 4]: 1.00; Y[i = 5, l = 4, t = 3]: 1.00; Y[i = 7, l = 4, t = 2]: 1.00; Y[i = 7, l = 4, t = 3]: 1.00; Y[i = 8, l = 4, t = 3]: 1.00; Y[i = 9, l = 1, t = 1]: 1.00; Y[i = 9, l = 1, t = 2]: 1.00; Y[i = 9, l = 1, t = 3]: 1.00; Y[i = 9, l = 1, t = 4]: 1.00; "
0.3,0.7,102902.78210418763,91925.74796119476,3.0,3.0,"Y[i = 1, l = 1, t = 1]: 1.00; Y[i = 1, l = 1, t = 2]: 1.00; Y[i = 1, l = 1, t = 3]: 1.00; Y[i = 1, l = 1, t = 4]: 1.00; Y[i = 4, l = 1, t = 1]: 1.00; Y[i = 4, l = 1, t = 2]: 1.00; Y[i = 4, l = 1, t = 3]: 1.00; Y[i = 4, l = 1, t = 4]: 1.00; Y[i = 5, l = 4, t = 3]: 1.00; Y[i = 7, l = 4, t = 2]: 1.00; Y[i = 7, l = 4, t = 3]: 1.00; Y[i = 8, l = 4, t = 3]: 1.00; Y[i = 9, l = 1, t = 1]: 1.00; Y[i = 9, l = 1, t = 2]: 1.00; Y[i = 9, l = 1, t = 3]: 1.00; Y[i = 9, l = 1, t = 4]: 1.00; "
0.3,0.8,102902.78210418763,91925.74796119476,3.0,3.0,"Y[i = 1, l = 1, t = 1]: 1.00; Y[i = 1, l = 1, t = 2]: 1.00; Y[i = 1, l = 1, t = 3]: 1.00; Y[i = 1, l = 1, t = 4]: 1.00; Y[i = 4, l = 1, t = 1]: 1.00; Y[i = 4, l = 1, t = 2]: 1.00; Y[i = 4, l = 1, t = 3]: 1.00; Y[i = 4, l = 1, t = 4]: 1.00; Y[i = 5, l = 4, t = 3]: 1.00; Y[i = 7, l = 4, t = 2]: 1.00; Y[i = 7, l = 4, t = 3]: 1.00; Y[i = 8, l = 4, t = 3]: 1.00; Y[i = 9, l = 1, t = 1]: 1.00; Y[i = 9, l = 1, t = 2]: 1.00; Y[i = 9, l = 1, t = 3]: 1.00; Y[i = 9, l = 1, t = 4]: 1.00; "
0.3,0.9,102902.78210418763,91925.74796119476,3.0,3.0,"Y[i = 1, l = 1, t = 1]: 1.00; Y[i = 1, l = 1, t = 2]: 1.00; Y[i = 1, l = 1, t = 3]: 1.00; Y[i = 1, l = 1, t = 4]: 1.00; Y[i = 4, l = 1, t = 1]: 1.00; Y[i = 4, l = 1, t = 2]: 1.00; Y[i = 4, l = 1, t = 3]: 1.00; Y[i = 4, l = 1, t = 4]: 1.00; Y[i = 5, l = 4, t = 3]: 1.00; Y[i = 7, l = 4, t = 2]: 1.00; Y[i = 7, l = 4, t = 3]: 1.00; Y[i = 8, l = 4, t = 3]: 1.00; Y[i = 9, l = 1, t = 1]: 1.00; Y[i = 9, l = 1, t = 2]: 1.00; Y[i = 9, l = 1, t = 3]: 1.00; Y[i = 9, l = 1, t = 4]: 1.00; "
0.3,1.0,102902.78210418762,91925.74796119476,3.0,3.0,"Y[i = 1, l = 1, t = 1]: 1.00; Y[i = 1, l = 1, t = 2]: 1.00; Y[i = 1, l = 1, t = 3]: 1.00; Y[i = 1, l = 1, t = 4]: 1.00; Y[i = 4, l = 1, t = 1]: 1.00; Y[i = 4, l = 1, t = 2]: 1.00; Y[i = 4, l = 1, t = 3]: 1.00; Y[i = 4, l = 1, t = 4]: 1.00; Y[i = 5, l = 4, t = 3]: 1.00; Y[i = 7, l = 4, t = 2]: 1.00; Y[i = 7, l = 4, t = 3]: 1.00; Y[i = 8, l = 4, t = 3]: 1.00; Y[i = 9, l = 1, t = 1]: 1.00; Y[i = 9, l = 1, t = 2]: 1.00; Y[i = 9, l = 1, t = 3]: 1.00; Y[i = 9, l = 1, t = 4]: 1.00; "
0.4,0.0,100668.01024393135,91925.74796119476,3.0,3.0,"Y[i = 1, l = 1, t = 1]: 1.00; Y[i = 1, l = 1, t = 2]: 1.00; Y[i = 1, l = 1, t = 3]: 1.00; Y[i = 1, l = 1, t = 4]: 1.00; Y[i = 4, l = 1, t = 1]: 1.00; Y[i = 4, l = 1, t = 2]: 1.00; Y[i = 4, l = 1, t = 3]: 1.00; Y[i = 4, l = 1, t = 4]: 1.00; Y[i = 5, l = 4, t = 3]: 1.00; Y[i = 7, l = 4, t = 2]: 1.00; Y[i = 7, l = 4, t = 3]: 1.00; Y[i = 8, l = 4, t = 3]: 1.00; Y[i = 9, l = 1, t = 1]: 1.00; Y[i = 9, l = 1, t = 2]: 1.00; Y[i = 9, l = 1, t = 3]: 1.00; Y[i = 9, l = 1, t = 4]: 1.00; "
0.4,0.1,102493.44889679298,91925.74796119476,3.0,3.0,"Y[i = 1, l = 1, t = 1]: 1.00; Y[i = 1, l = 1, t = 2]: 1.00; Y[i = 1, l = 1, t = 3]: 1.00; Y[i = 1, l = 1, t = 4]: 1.00; Y[i = 4, l = 1, t = 1]: 1.00; Y[i = 4, l = 1, t = 2]: 1.00; Y[i = 4, l = 1, t = 3]: 1.00; Y[i = 4, l = 1, t = 4]: 1.00; Y[i = 5, l = 4, t = 3]: 1.00; Y[i = 7, l = 4, t = 2]: 1.00; Y[i = 7, l = 4, t = 3]: 1.00; Y[i = 8, l = 4, t = 3]: 1.00; Y[i = 9, l = 1, t = 1]: 1.00; Y[i = 9, l = 1, t = 2]: 1.00; Y[i = 9, l = 1, t = 3]: 1.00; Y[i = 9, l = 1, t = 4]: 1.00; "
0.4,0.2,103565.07727566079,91925.74796119476,3.0,3.0,"Y[i = 1, l = 1, t = 1]: 1.00; Y[i = 1, l = 1, t = 2]: 1.00; Y[i = 1, l = 1, t = 3]: 1.00; Y[i = 1, l = 1, t = 4]: 1.00; Y[i = 4, l = 1, t = 1]: 1.00; Y[i = 4, l = 1, t = 2]: 1.00; Y[i = 4, l = 1, t = 3]: 1.00; Y[i = 4, l = 1, t = 4]: 1.00; Y[i = 5, l = 4, t = 3]: 1.00; Y[i = 7, l = 4, t = 3]: 1.00; Y[i = 8, l = 4, t = 2]: 1.00; Y[i = 8, l = 4, t = 3]: 1.00; Y[i = 9, l = 1, t = 1]: 1.00; Y[i = 9, l = 1, t = 2]: 1.00; Y[i = 9, l = 1, t = 3]: 1.00; Y[i = 9, l = 1, t = 4]: 1.00; "
0.4,0.3,103786.61426735141,91925.74796119476,3.0,3.0,"Y[i = 1, l = 1, t = 1]: 1.00; Y[i = 1, l = 1, t = 2]: 1.00; Y[i = 1, l = 1, t = 3]: 1.00; Y[i = 1, l = 1, t = 4]: 1.00; Y[i = 4, l = 1, t = 1]: 1.00; Y[i = 4, l = 1, t = 2]: 1.00; Y[i = 4, l = 1, t = 3]: 1.00; Y[i = 4, l = 1, t = 4]: 1.00; Y[i = 5, l = 4, t = 2]: 1.00; Y[i = 5, l = 4, t = 3]: 1.00; Y[i = 7, l = 4, t = 3]: 1.00; Y[i = 8, l = 4, t = 3]: 1.00; Y[i = 9, l = 1, t = 1]: 1.00; Y[i = 9, l = 1, t = 2]: 1.00; Y[i = 9, l = 1, t = 3]: 1.00; Y[i = 9, l = 1, t = 4]: 1.00; "
0.4,0.4,103786.6142673514,91925.74796119476,3.0,3.0,"Y[i = 1, l = 1, t = 1]: 1.00; Y[i = 1, l = 1, t = 2]: 1.00; Y[i = 1, l = 1, t = 3]: 1.00; Y[i = 1, l = 1, t = 4]: 1.00; Y[i = 4, l = 1, t = 1]: 1.00; Y[i = 4, l = 1, t = 2]: 1.00; Y[i = 4, l = 1, t = 3]: 1.00; Y[i = 4, l = 1, t = 4]: 1.00; Y[i = 5, l = 4, t = 2]: 1.00; Y[i = 5, l = 4, t = 3]: 1.00; Y[i = 7, l = 4, t = 3]: 1.00; Y[i = 8, l = 4, t = 3]: 1.00; Y[i = 9, l = 1, t = 1]: 1.00; Y[i = 9, l = 1, t = 2]: 1.00; Y[i = 9, l = 1, t = 3]: 1.00; Y[i = 9, l = 1, t = 4]: 1.00; "
0.4,0.5,103786.6142673514,91925.74796119476,3.0,3.0,"Y[i = 1, l = 1, t = 1]: 1.00; Y[i = 1, l = 1, t = 2]: 1.00; Y[i = 1, l = 1, t = 3]: 1.00; Y[i = 1, l = 1, t = 4]: 1.00; Y[i = 4, l = 1, t = 1]: 1.00; Y[i = 4, l = 1, t = 2]: 1.00; Y[i = 4, l = 1, t = 3]: 1.00; Y[i = 4, l = 1, t = 4]: 1.00; Y[i = 5, l = 4, t = 2]: 1.00; Y[i = 5, l = 4, t = 3]: 1.00; Y[i = 7, l = 4, t = 3]: 1.00; Y[i = 8, l = 4, t = 3]: 1.00; Y[i = 9, l = 1, t = 1]: 1.00; Y[i = 9, l = 1, t = 2]: 1.00; Y[i = 9, l = 1, t = 3]: 1.00; Y[i = 9, l = 1, t = 4]: 1.00; "
0.4,0.6,103786.6142673514,91925.74796119476,3.0,3.0,"Y[i = 1, l = 1, t = 1]: 1.00; Y[i = 1, l = 1, t = 2]: 1.00; Y[i = 1, l = 1, t = 3]: 1.00; Y[i = 1, l = 1, t = 4]: 1.00; Y[i = 4, l = 1, t = 1]: 1.00; Y[i = 4, l = 1, t = 2]: 1.00; Y[i = 4, l = 1, t = 3]: 1.00; Y[i = 4, l = 1, t = 4]: 1.00; Y[i = 5, l = 4, t = 2]: 1.00; Y[i = 5, l = 4, t = 3]: 1.00; Y[i = 7, l = 4, t = 3]: 1.00; Y[i = 8, l = 4, t = 3]: 1.00; Y[i = 9, l = 1, t = 1]: 1.00; Y[i = 9, l = 1, t = 2]: 1.00; Y[i = 9, l = 1, t = 3]: 1.00; Y[i = 9, l = 1, t = 4]: 1.00; "
0.4,0.7,103786.6142673514,91925.74796119476,3.0,3.0,"Y[i = 1, l = 1, t = 1]: 1.00; Y[i = 1, l = 1, t = 2]: 1.00; Y[i = 1, l = 1, t = 3]: 1.00; Y[i = 1, l = 1, t = 4]: 1.00; Y[i = 4, l = 1, t = 1]: 1.00; Y[i = 4, l = 1, t = 2]: 1.00; Y[i = 4, l = 1, t = 3]: 1.00; Y[i = 4, l = 1, t = 4]: 1.00; Y[i = 5, l = 4, t = 2]: 1.00; Y[i = 5, l = 4, t = 3]: 1.00; Y[i = 7, l = 4, t = 3]: 1.00; Y[i = 8, l = 4, t = 3]: 1.00; Y[i = 9, l = 1, t = 1]: 1.00; Y[i = 9, l = 1, t = 2]: 1.00; Y[i = 9, l = 1, t = 3]: 1.00; Y[i = 9, l = 1, t = 4]: 1.00; "
0.4,0.8,103786.61426735138,91925.74796119476,3.0,3.0,"Y[i = 1, l = 1, t = 1]: 1.00; Y[i = 1, l = 1, t = 2]: 1.00; Y[i = 1, l = 1, t = 3]: 1.00; Y[i = 1, l = 1, t = 4]: 1.00; Y[i = 4, l = 1, t = 1]: 1.00; Y[i = 4, l = 1, t = 2]: 1.00; Y[i = 4, l = 1, t = 3]: 1.00; Y[i = 4, l = 1, t = 4]: 1.00; Y[i = 5, l = 4, t = 2]: 1.00; Y[i = 5, l = 4, t = 3]: 1.00; Y[i = 7, l = 4, t = 3]: 1.00; Y[i = 8, l = 4, t = 3]: 1.00; Y[i = 9, l = 1, t = 1]: 1.00; Y[i = 9, l = 1, t = 2]: 1.00; Y[i = 9, l = 1, t = 3]: 1.00; Y[i = 9, l = 1, t = 4]: 1.00; "
0.4,0.9,103786.61426735138,91925.74796119476,3.0,3.0,"Y[i = 1, l = 1, t = 1]: 1.00; Y[i = 1, l = 1, t = 2]: 1.00; Y[i = 1, l = 1, t = 3]: 1.00; Y[i = 1, l = 1, t = 4]: 1.00; Y[i = 4, l = 1, t = 1]: 1.00; Y[i = 4, l = 1, t = 2]: 1.00; Y[i = 4, l = 1, t = 3]: 1.00; Y[i = 4, l = 1, t = 4]: 1.00; Y[i = 5, l = 4, t = 2]: 1.00; Y[i = 5, l = 4, t = 3]: 1.00; Y[i = 7, l = 4, t = 3]: 1.00; Y[i = 8, l = 4, t = 3]: 1.00; Y[i = 9, l = 1, t = 1]: 1.00; Y[i = 9, l = 1, t = 2]: 1.00; Y[i = 9, l = 1, t = 3]: 1.00; Y[i = 9, l = 1, t = 4]: 1.00; "
0.4,1.0,103786.61426735137,91925.74796119476,3.0,3.0,"Y[i = 1, l = 1, t = 1]: 1.00; Y[i = 1, l = 1, t = 2]: 1.00; Y[i = 1, l = 1, t = 3]: 1.00; Y[i = 1, l = 1, t = 4]: 1.00; Y[i = 4, l = 1, t = 1]: 1.00; Y[i = 4, l = 1, t = 2]: 1.00; Y[i = 4, l = 1, t = 3]: 1.00; Y[i = 4, l = 1, t = 4]: 1.00; Y[i = 5, l = 4, t = 2]: 1.00; Y[i = 5, l = 4, t = 3]: 1.00; Y[i = 7, l = 4, t = 3]: 1.00; Y[i = 8, l = 4, t = 3]: 1.00; Y[i = 9, l = 1, t = 1]: 1.00; Y[i = 9, l = 1, t = 2]: 1.00; Y[i = 9, l = 1, t = 3]: 1.00; Y[i = 9, l = 1, t = 4]: 1.00; "
0.5,0.0,100729.29359248081,91925.74796119476,3.0,3.0,"Y[i = 1, l = 1, t = 1]: 1.00; Y[i = 1, l = 1, t = 2]: 1.00; Y[i = 1, l = 1, t = 3]: 1.00; Y[i = 1, l = 1, t = 4]: 1.00; Y[i = 4, l = 1, t = 1]: 1.00; Y[i = 4, l = 1, t = 2]: 1.00; Y[i = 4, l = 1, t = 3]: 1.00; Y[i = 4, l = 1, t = 4]: 1.00; Y[i = 5, l = 4, t = 3]: 1.00; Y[i = 7, l = 4, t = 2]: 1.00; Y[i = 7, l = 4, t = 3]: 1.00; Y[i = 8, l = 4, t = 3]: 1.00; Y[i = 9, l = 1, t = 1]: 1.00; Y[i = 9, l = 1, t = 2]: 1.00; Y[i = 9, l = 1, t = 3]: 1.00; Y[i = 9, l = 1, t = 4]: 1.00; "
0.5,0.1,102664.05385679191,91925.74796119476,3.0,3.0,"Y[i = 1, l = 1, t = 1]: 1.00; Y[i = 1, l = 1, t = 2]: 1.00; Y[i = 1, l = 1, t = 3]: 1.00; Y[i = 1, l = 1, t = 4]: 1.00; Y[i = 4, l = 1, t = 1]: 1.00; Y[i = 4, l = 1, t = 2]: 1.00; Y[i = 4, l = 1, t = 3]: 1.00; Y[i = 4, l = 1, t = 4]: 1.00; Y[i = 5, l = 4, t = 3]: 1.00; Y[i = 7, l = 4, t = 2]: 1.00; Y[i = 7, l = 4, t = 3]: 1.00; Y[i = 8, l = 4, t = 3]: 1.00; Y[i = 9, l = 1, t = 1]: 1.00; Y[i = 9, l = 1, t = 2]: 1.00; Y[i = 9, l = 1, t = 3]: 1.00; Y[i = 9, l = 1, t = 4]: 1.00; "
0.5,0.2,103672.10099078466,91925.74796119476,3.0,3.0,"Y[i = 1, l = 1, t = 1]: 1.00; Y[i = 1, l = 1, t = 2]: 1.00; Y[i = 1, l = 1, t = 3]: 1.00; Y[i = 1, l = 1, t = 4]: 1.00; Y[i = 4, l = 1, t = 1]: 1.00; Y[i = 4, l = 1, t = 2]: 1.00; Y[i = 4, l = 1, t = 3]: 1.00; Y[i = 4, l = 1, t = 4]: 1.00; Y[i = 5, l = 4, t = 3]: 1.00; Y[i = 7, l = 4, t = 3]: 1.00; Y[i = 8, l = 4, t = 2]: 1.00; Y[i = 8, l = 4, t = 3]: 1.00; Y[i = 9, l = 1, t = 1]: 1.00; Y[i = 9, l = 1, t = 2]: 1.00; Y[i = 9, l = 1, t = 3]: 1.00; Y[i = 9, l = 1, t = 4]: 1.00; "
0.5,0.3,104197.8082632376,91925.74796119476,3.0,3.0,"Y[i = 1, l = 1, t = 1]: 1.00; Y[i = 1, l = 1, t = 2]: 1.00; Y[i = 1, l = 1, t = 3]: 1.00; Y[i = 1, l = 1, t = 4]: 1.00; Y[i = 4, l = 1, t = 1]: 1.00; Y[i = 4, l = 1, t = 2]: 1.00; Y[i = 4, l = 1, t = 3]: 1.00; Y[i = 4, l = 1, t = 4]: 1.00; Y[i = 5, l = 4, t = 2]: 1.00; Y[i = 5, l = 4, t = 3]: 1.00; Y[i = 7, l = 4, t = 3]: 1.00; Y[i = 8, l = 4, t = 3]: 1.00; Y[i = 9, l = 1, t = 1]: 1.00; Y[i = 9, l = 1, t = 2]: 1.00; Y[i = 9, l = 1, t = 3]: 1.00; Y[i = 9, l = 1, t = 4]: 1.00; "
0.5,0.4,104197.80826323763,91925.74796119476,3.0,3.0,"Y[i = 1, l = 1, t = 1]: 1.00; Y[i = 1, l = 1, t = 2]: 1.00; Y[i = 1, l = 1, t = 3]: 1.00; Y[i = 1, l = 1, t = 4]: 1.00; Y[i = 4, l = 1, t = 1]: 1.00; Y[i = 4, l = 1, t = 2]: 1.00; Y[i = 4, l = 1, t = 3]: 1.00; Y[i = 4, l = 1, t = 4]: 1.00; Y[i = 5, l = 4, t = 2]: 1.00; Y[i = 5, l = 4, t = 3]: 1.00; Y[i = 7, l = 4, t = 3]: 1.00; Y[i = 8, l = 4, t = 3]: 1.00; Y[i = 9, l = 1, t = 1]: 1.00; Y[i = 9, l = 1, t = 2]: 1.00; Y[i = 9, l = 1, t = 3]: 1.00; Y[i = 9, l = 1, t = 4]: 1.00; "
0.5,0.5,104197.8082632376,91925.74796119476,3.0,3.0,"Y[i = 1, l = 1, t = 1]: 1.00; Y[i = 1, l = 1, t = 2]: 1.00; Y[i = 1, l = 1, t = 3]: 1.00; Y[i = 1, l = 1, t = 4]: 1.00; Y[i = 4, l = 1, t = 1]: 1.00; Y[i = 4, l = 1, t = 2]: 1.00; Y[i = 4, l = 1, t = 3]: 1.00; Y[i = 4, l = 1, t = 4]: 1.00; Y[i = 5, l = 4, t = 2]: 1.00; Y[i = 5, l = 4, t = 3]: 1.00; Y[i = 7, l = 4, t = 3]: 1.00; Y[i = 8, l = 4, t = 3]: 1.00; Y[i = 9, l = 1, t = 1]: 1.00; Y[i = 9, l = 1, t = 2]: 1.00; Y[i = 9, l = 1, t = 3]: 1.00; Y[i = 9, l = 1, t = 4]: 1.00; "
0.5,0.6,104197.8082632376,91925.74796119476,3.0,3.0,"Y[i = 1, l = 1, t = 1]: 1.00; Y[i = 1, l = 1, t = 2]: 1.00; Y[i = 1, l = 1, t = 3]: 1.00; Y[i = 1, l = 1, t = 4]: 1.00; Y[i = 4, l = 1, t = 1]: 1.00; Y[i = 4, l = 1, t = 2]: 1.00; Y[i = 4, l = 1, t = 3]: 1.00; Y[i = 4, l = 1, t = 4]: 1.00; Y[i = 5, l = 4, t = 2]: 1.00; Y[i = 5, l = 4, t = 3]: 1.00; Y[i = 7, l = 4, t = 3]: 1.00; Y[i = 8, l = 4, t = 3]: 1.00; Y[i = 9, l = 1, t = 1]: 1.00; Y[i = 9, l = 1, t = 2]: 1.00; Y[i = 9, l = 1, t = 3]: 1.00; Y[i = 9, l = 1, t = 4]: 1.00; "
0.5,0.7,104197.8082632376,91925.74796119476,3.0,3.0,"Y[i = 1, l = 1, t = 1]: 1.00; Y[i = 1, l = 1, t = 2]: 1.00; Y[i = 1, l = 1, t = 3]: 1.00; Y[i = 1, l = 1, t = 4]: 1.00; Y[i = 4, l = 1, t = 1]: 1.00; Y[i = 4, l = 1, t = 2]: 1.00; Y[i = 4, l = 1, t = 3]: 1.00; Y[i = 4, l = 1, t = 4]: 1.00; Y[i = 5, l = 4, t = 2]: 1.00; Y[i = 5, l = 4, t = 3]: 1.00; Y[i = 7, l = 4, t = 3]: 1.00; Y[i = 8, l = 4, t = 3]: 1.00; Y[i = 9, l = 1, t = 1]: 1.00; Y[i = 9, l = 1, t = 2]: 1.00; Y[i = 9, l = 1, t = 3]: 1.00; Y[i = 9, l = 1, t = 4]: 1.00; "
0.5,0.8,104197.8082632376,91925.74796119476,3.0,3.0,"Y[i = 1, l = 1, t = 1]: 1.00; Y[i = 1, l = 1, t = 2]: 1.00; Y[i = 1, l = 1, t = 3]: 1.00; Y[i = 1, l = 1, t = 4]: 1.00; Y[i = 4, l = 1, t = 1]: 1.00; Y[i = 4, l = 1, t = 2]: 1.00; Y[i = 4, l = 1, t = 3]: 1.00; Y[i = 4, l = 1, t = 4]: 1.00; Y[i = 5, l = 4, t = 2]: 1.00; Y[i = 5, l = 4, t = 3]: 1.00; Y[i = 7, l = 4, t = 3]: 1.00; Y[i = 8, l = 4, t = 3]: 1.00; Y[i = 9, l = 1, t = 1]: 1.00; Y[i = 9, l = 1, t = 2]: 1.00; Y[i = 9, l = 1, t = 3]: 1.00; Y[i = 9, l = 1, t = 4]: 1.00; "
0.5,0.9,104197.8082632376,91925.74796119476,3.0,3.0,"Y[i = 1, l = 1, t = 1]: 1.00; Y[i = 1, l = 1, t = 2]: 1.00; Y[i = 1, l = 1, t = 3]: 1.00; Y[i = 1, l = 1, t = 4]: 1.00; Y[i = 4, l = 1, t = 1]: 1.00; Y[i = 4, l = 1, t = 2]: 1.00; Y[i = 4, l = 1, t = 3]: 1.00; Y[i = 4, l = 1, t = 4]: 1.00; Y[i = 5, l = 4, t = 2]: 1.00; Y[i = 5, l = 4, t = 3]: 1.00; Y[i = 7, l = 4, t = 3]: 1.00; Y[i = 8, l = 4, t = 3]: 1.00; Y[i = 9, l = 1, t = 1]: 1.00; Y[i = 9, l = 1, t = 2]: 1.00; Y[i = 9, l = 1, t = 3]: 1.00; Y[i = 9, l = 1, t = 4]: 1.00; "
0.5,1.0,104197.8082632376,91925.74796119476,3.0,3.0,"Y[i = 1, l = 1, t = 1]: 1.00; Y[i = 1, l = 1, t = 2]: 1.00; Y[i = 1, l = 1, t = 3]: 1.00; Y[i = 1, l = 1, t = 4]: 1.00; Y[i = 4, l = 1, t = 1]: 1.00; Y[i = 4, l = 1, t = 2]: 1.00; Y[i = 4, l = 1, t = 3]: 1.00; Y[i = 4, l = 1, t = 4]: 1.00; Y[i = 5, l = 4, t = 2]: 1.00; Y[i = 5, l = 4, t = 3]: 1.00; Y[i = 7, l = 4, t = 3]: 1.00; Y[i = 8, l = 4, t = 3]: 1.00; Y[i = 9, l = 1, t = 1]: 1.00; Y[i = 9, l = 1, t = 2]: 1.00; Y[i = 9, l = 1, t = 3]: 1.00; Y[i = 9, l = 1, t = 4]: 1.00; "
0.6,0.0,101727.26200780614,91925.74796119476,3.0,3.0,"Y[i = 1, l = 1, t = 1]: 1.00; Y[i = 1, l = 1, t = 2]: 1.00; Y[i = 1, l = 1, t = 3]: 1.00; Y[i = 1, l = 1, t = 4]: 1.00; Y[i = 4, l = 1, t = 1]: 1.00; Y[i = 4, l = 1, t = 2]: 1.00; Y[i = 4, l = 1, t = 3]: 1.00; Y[i = 4, l = 1, t = 4]: 1.00; Y[i = 5, l = 4, t = 3]: 1.00; Y[i = 7, l = 4, t = 3]: 1.00; Y[i = 8, l = 4, t = 2]: 1.00; Y[i = 8, l = 4, t = 3]: 1.00; Y[i = 9, l = 1, t = 1]: 1.00; Y[i = 9, l = 1, t = 2]: 1.00; Y[i = 9, l = 1, t = 3]: 1.00; Y[i = 9, l = 1, t = 4]: 1.00; "
0.6,0.1,102751.03566280344,91925.74796119476,3.0,3.0,"Y[i = 1, l = 1, t = 1]: 1.00; Y[i = 1, l = 1, t = 2]: 1.00; Y[i = 1, l = 1, t = 3]: 1.00; Y[i = 1, l = 1, t = 4]: 1.00; Y[i = 4, l = 1, t = 1]: 1.00; Y[i = 4, l = 1, t = 2]: 1.00; Y[i = 4, l = 1, t = 3]: 1.00; Y[i = 4, l = 1, t = 4]: 1.00; Y[i = 5, l = 4, t = 3]: 1.00; Y[i = 7, l = 4, t = 2]: 1.00; Y[i = 7, l = 4, t = 3]: 1.00; Y[i = 8, l = 4, t = 3]: 1.00; Y[i = 9, l = 1, t = 1]: 1.00; Y[i = 9, l = 1, t = 2]: 1.00; Y[i = 9, l = 1, t = 3]: 1.00; Y[i = 9, l = 1, t = 4]: 1.00; "
0.6,0.2,103777.67342760328,91925.74796119473,3.0,3.0,"Y[i = 1, l = 1, t = 1]: 1.00; Y[i = 1, l = 1, t = 2]: 1.00; Y[i = 1, l = 1, t = 3]: 1.00; Y[i = 1, l = 1, t = 4]: 1.00; Y[i = 4, l = 1, t = 1]: 1.00; Y[i = 4, l = 1, t = 2]: 1.00; Y[i = 4, l = 1, t = 3]: 1.00; Y[i = 4, l = 1, t = 4]: 1.00; Y[i = 5, l = 4, t = 3]: 1.00; Y[i = 7, l = 4, t = 2]: 1.00; Y[i = 7, l = 4, t = 3]: 1.00; Y[i = 8, l = 4, t = 3]: 1.00; Y[i = 9, l = 1, t = 1]: 1.00; Y[i = 9, l = 1, t = 2]: 1.00; Y[i = 9, l = 1, t = 3]: 1.00; Y[i = 9, l = 1, t = 4]: 1.00; "
0.6,0.3,104585.17456721501,91925.74796119476,3.0,3.0,"Y[i = 1, l = 1, t = 1]: 1.00; Y[i = 1, l = 1, t = 2]: 1.00; Y[i = 1, l = 1, t = 3]: 1.00; Y[i = 1, l = 1, t = 4]: 1.00; Y[i = 4, l = 1, t = 1]: 1.00; Y[i = 4, l = 1, t = 2]: 1.00; Y[i = 4, l = 1, t = 3]: 1.00; Y[i = 4, l = 1, t = 4]: 1.00; Y[i = 5, l = 4, t = 3]: 1.00; Y[i = 7, l = 4, t = 2]: 1.00; Y[i = 7, l = 4, t = 3]: 1.00; Y[i = 8, l = 4, t = 3]: 1.00; Y[i = 9, l = 1, t = 1]: 1.00; Y[i = 9, l = 1, t = 2]: 1.00; Y[i = 9, l = 1, t = 3]: 1.00; Y[i = 9, l = 1, t = 4]: 1.00; "
0.6,0.4,104697.46407152733,91925.74796119476,3.0,3.0,"Y[i = 1, l = 1, t = 1]: 1.00; Y[i = 1, l = 1, t = 2]: 1.00; Y[i = 1, l = 1, t = 3]: 1.00; Y[i = 1, l = 1, t = 4]: 1.00; Y[i = 4, l = 1, t = 1]: 1.00; Y[i = 4, l = 1, t = 2]: 1.00; Y[i = 4, l = 1, t = 3]: 1.00; Y[i = 4, l = 1, t = 4]: 1.00; Y[i = 5, l = 4, t = 2]: 1.00; Y[i = 5, l = 4, t = 3]: 1.00; Y[i = 7, l = 4, t = 3]: 1.00; Y[i = 8, l = 4, t = 3]: 1.00; Y[i = 9, l = 1, t = 1]: 1.00; Y[i = 9, l = 1, t = 2]: 1.00; Y[i = 9, l = 1, t = 3]: 1.00; Y[i = 9, l = 1, t = 4]: 1.00; "
0.6,0.5,104697.46407152733,91925.74796119476,3.0,3.0,"Y[i = 1, l = 1, t = 1]: 1.00; Y[i = 1, l = 1, t = 2]: 1.00; Y[i = 1, l = 1, t = 3]: 1.00; Y[i = 1, l = 1, t = 4]: 1.00; Y[i = 4, l = 1, t = 1]: 1.00; Y[i = 4, l = 1, t = 2]: 1.00; Y[i = 4, l = 1, t = 3]: 1.00; Y[i = 4, l = 1, t = 4]: 1.00; Y[i = 5, l = 4, t = 2]: 1.00; Y[i = 5, l = 4, t = 3]: 1.00; Y[i = 7, l = 4, t = 3]: 1.00; Y[i = 8, l = 4, t = 3]: 1.00; Y[i = 9, l = 1, t = 1]: 1.00; Y[i = 9, l = 1, t = 2]: 1.00; Y[i = 9, l = 1, t = 3]: 1.00; Y[i = 9, l = 1, t = 4]: 1.00; "
0.6,0.6,104697.46407152731,91925.74796119476,3.0,3.0,"Y[i = 1, l = 1, t = 1]: 1.00; Y[i = 1, l = 1, t = 2]: 1.00; Y[i = 1, l = 1, t = 3]: 1.00; Y[i = 1, l = 1, t = 4]: 1.00; Y[i = 4, l = 1, t = 1]: 1.00; Y[i = 4, l = 1, t = 2]: 1.00; Y[i = 4, l = 1, t = 3]: 1.00; Y[i = 4, l = 1, t = 4]: 1.00; Y[i = 5, l = 4, t = 2]: 1.00; Y[i = 5, l = 4, t = 3]: 1.00; Y[i = 7, l = 4, t = 3]: 1.00; Y[i = 8, l = 4, t = 3]: 1.00; Y[i = 9, l = 1, t = 1]: 1.00; Y[i = 9, l = 1, t = 2]: 1.00; Y[i = 9, l = 1, t = 3]: 1.00; Y[i = 9, l = 1, t = 4]: 1.00; "
0.6,0.7,104697.46407152731,91925.74796119476,3.0,3.0,"Y[i = 1, l = 1, t = 1]: 1.00; Y[i = 1, l = 1, t = 2]: 1.00; Y[i = 1, l = 1, t = 3]: 1.00; Y[i = 1, l = 1, t = 4]: 1.00; Y[i = 4, l = 1, t = 1]: 1.00; Y[i = 4, l = 1, t = 2]: 1.00; Y[i = 4, l = 1, t = 3]: 1.00; Y[i = 4, l = 1, t = 4]: 1.00; Y[i = 5, l = 4, t = 2]: 1.00; Y[i = 5, l = 4, t = 3]: 1.00; Y[i = 7, l = 4, t = 3]: 1.00; Y[i = 8, l = 4, t = 3]: 1.00; Y[i = 9, l = 1, t = 1]: 1.00; Y[i = 9, l = 1, t = 2]: 1.00; Y[i = 9, l = 1, t = 3]: 1.00; Y[i = 9, l = 1, t = 4]: 1.00; "
0.6,0.8,104697.46407152731,91925.74796119476,3.0,3.0,"Y[i = 1, l = 1, t = 1]: 1.00; Y[i = 1, l = 1, t = 2]: 1.00; Y[i = 1, l = 1, t = 3]: 1.00; Y[i = 1, l = 1, t = 4]: 1.00; Y[i = 4, l = 1, t = 1]: 1.00; Y[i = 4, l = 1, t = 2]: 1.00; Y[i = 4, l = 1, t = 3]: 1.00; Y[i = 4, l = 1, t = 4]: 1.00; Y[i = 5, l = 4, t = 2]: 1.00; Y[i = 5, l = 4, t = 3]: 1.00; Y[i = 7, l = 4, t = 3]: 1.00; Y[i = 8, l = 4, t = 3]: 1.00; Y[i = 9, l = 1, t = 1]: 1.00; Y[i = 9, l = 1, t = 2]: 1.00; Y[i = 9, l = 1, t = 3]: 1.00; Y[i = 9, l = 1, t = 4]: 1.00; "
0.6,0.9,104697.46407152731,91925.74796119476,3.0,3.0,"Y[i = 1, l = 1, t = 1]: 1.00; Y[i = 1, l = 1, t = 2]: 1.00; Y[i = 1, l = 1, t = 3]: 1.00; Y[i = 1, l = 1, t = 4]: 1.00; Y[i = 4, l = 1, t = 1]: 1.00; Y[i = 4, l = 1, t = 2]: 1.00; Y[i = 4, l = 1, t = 3]: 1.00; Y[i = 4, l = 1, t = 4]: 1.00; Y[i = 5, l = 4, t = 2]: 1.00; Y[i = 5, l = 4, t = 3]: 1.00; Y[i = 7, l = 4, t = 3]: 1.00; Y[i = 8, l = 4, t = 3]: 1.00; Y[i = 9, l = 1, t = 1]: 1.00; Y[i = 9, l = 1, t = 2]: 1.00; Y[i = 9, l = 1, t = 3]: 1.00; Y[i = 9, l = 1, t = 4]: 1.00; "
0.6,1.0,104697.46407152733,91925.74796119476,3.0,3.0,"Y[i = 1, l = 1, t = 1]: 1.00; Y[i = 1, l = 1, t = 2]: 1.00; Y[i = 1, l = 1, t = 3]: 1.00; Y[i = 1, l = 1, t = 4]: 1.00; Y[i = 4, l = 1, t = 1]: 1.00; Y[i = 4, l = 1, t = 2]: 1.00; Y[i = 4, l = 1, t = 3]: 1.00; Y[i = 4, l = 1, t = 4]: 1.00; Y[i = 5, l = 4, t = 2]: 1.00; Y[i = 5, l = 4, t = 3]: 1.00; Y[i = 7, l = 4, t = 3]: 1.00; Y[i = 8, l = 4, t = 3]: 1.00; Y[i = 9, l = 1, t = 1]: 1.00; Y[i = 9, l = 1, t = 2]: 1.00; Y[i = 9, l = 1, t = 3]: 1.00; Y[i = 9, l = 1, t = 4]: 1.00; "
0.7,0.0,102209.10682748658,91925.74796119476,3.0,3.0,"Y[i = 1, l = 1, t = 1]: 1.00; Y[i = 1, l = 1, t = 2]: 1.00; Y[i = 1, l = 1, t = 3]: 1.00; Y[i = 1, l = 1, t = 4]: 1.00; Y[i = 4, l = 1, t = 1]: 1.00; Y[i = 4, l = 1, t = 2]: 1.00; Y[i = 4, l = 1, t = 3]: 1.00; Y[i = 4, l = 1, t = 4]: 1.00; Y[i = 5, l = 4, t = 3]: 1.00; Y[i = 7, l = 4, t = 3]: 1.00; Y[i = 8, l = 4, t = 2]: 1.00; Y[i = 8, l = 4, t = 3]: 1.00; Y[i = 9, l = 1, t = 1]: 1.00; Y[i = 9, l = 1, t = 2]: 1.00; Y[i = 9, l = 1, t = 3]: 1.00; Y[i = 9, l = 1, t = 4]: 1.00; "
0.7,0.1,102765.5311909712,91925.74796119476,3.0,3.0,"Y[i = 1, l = 1, t = 1]: 1.00; Y[i = 1, l = 1, t = 2]: 1.00; Y[i = 1, l = 1, t = 3]: 1.00; Y[i = 1, l = 1, t = 4]: 1.00; Y[i = 4, l = 1, t = 1]: 1.00; Y[i = 4, l = 1, t = 2]: 1.00; Y[i = 4, l = 1, t = 3]: 1.00; Y[i = 4, l = 1, t = 4]: 1.00; Y[i = 5, l = 4, t = 3]: 1.00; Y[i = 7, l = 4, t = 2]: 1.00; Y[i = 7, l = 4, t = 3]: 1.00; Y[i = 8, l = 4, t = 3]: 1.00; Y[i = 9, l = 1, t = 1]: 1.00; Y[i = 9, l = 1, t = 2]: 1.00; Y[i = 9, l = 1, t = 3]: 1.00; Y[i = 9, l = 1, t = 4]: 1.00; "
0.7,0.2,103800.49330955216,91925.74796119476,3.0,3.0,"Y[i = 1, l = 1, t = 1]: 1.00; Y[i = 1, l = 1, t = 2]: 1.00; Y[i = 1, l = 1, t = 3]: 1.00; Y[i = 1, l = 1, t = 4]: 1.00; Y[i = 4, l = 1, t = 1]: 1.00; Y[i = 4, l = 1, t = 2]: 1.00; Y[i = 4, l = 1, t = 3]: 1.00; Y[i = 4, l = 1, t = 4]: 1.00; Y[i = 5, l = 4, t = 3]: 1.00; Y[i = 7, l = 4, t = 2]: 1.00; Y[i = 7, l = 4, t = 3]: 1.00; Y[i = 8, l = 4, t = 3]: 1.00; Y[i = 9, l = 1, t = 1]: 1.00; Y[i = 9, l = 1, t = 2]: 1.00; Y[i = 9, l = 1, t = 3]: 1.00; Y[i = 9, l = 1, t = 4]: 1.00; "
0.7,0.3,104609.55114728758,91925.74796119476,3.0,3.0,"Y[i = 1, l = 1, t = 1]: 1.00; Y[i = 1, l = 1, t = 2]: 1.00; Y[i = 1, l = 1, t = 3]: 1.00; Y[i = 1, l = 1, t = 4]: 1.00; Y[i = 4, l = 1, t = 1]: 1.00; Y[i = 4, l = 1, t = 2]: 1.00; Y[i = 4, l = 1, t = 3]: 1.00; Y[i = 4, l = 1, t = 4]: 1.00; Y[i = 5, l = 4, t = 3]: 1.00; Y[i = 7, l = 4, t = 2]: 1.00; Y[i = 7, l = 4, t = 3]: 1.00; Y[i = 8, l = 4, t = 3]: 1.00; Y[i = 9, l = 1, t = 1]: 1.00; Y[i = 9, l = 1, t = 2]: 1.00; Y[i = 9, l = 1, t = 3]: 1.00; Y[i = 9, l = 1, t = 4]: 1.00; "
0.7,0.4,104721.81289522248,91925.74796119476,3.0,3.0,"Y[i = 1, l = 1, t = 1]: 1.00; Y[i = 1, l = 1, t = 2]: 1.00; Y[i = 1, l = 1, t = 3]: 1.00; Y[i = 1, l = 1, t = 4]: 1.00; Y[i = 4, l = 1, t = 1]: 1.00; Y[i = 4, l = 1, t = 2]: 1.00; Y[i = 4, l = 1, t = 3]: 1.00; Y[i = 4, l = 1, t = 4]: 1.00; Y[i = 5, l = 4, t = 2]: 1.00; Y[i = 5, l = 4, t = 3]: 1.00; Y[i = 7, l = 4, t = 3]: 1.00; Y[i = 8, l = 4, t = 3]: 1.00; Y[i = 9, l = 1, t = 1]: 1.00; Y[i = 9, l = 1, t = 2]: 1.00; Y[i = 9, l = 1, t = 3]: 1.00; Y[i = 9, l = 1, t = 4]: 1.00; "
0.7,0.5,104721.81289522248,91925.74796119476,3.0,3.0,"Y[i = 1, l = 1, t = 1]: 1.00; Y[i = 1, l = 1, t = 2]: 1.00; Y[i = 1, l = 1, t = 3]: 1.00; Y[i = 1, l = 1, t = 4]: 1.00; Y[i = 4, l = 1, t = 1]: 1.00; Y[i = 4, l = 1, t = 2]: 1.00; Y[i = 4, l = 1, t = 3]: 1.00; Y[i = 4, l = 1, t = 4]: 1.00; Y[i = 5, l = 4, t = 2]: 1.00; Y[i = 5, l = 4, t = 3]: 1.00; Y[i = 7, l = 4, t = 3]: 1.00; Y[i = 8, l = 4, t = 3]: 1.00; Y[i = 9, l = 1, t = 1]: 1.00; Y[i = 9, l = 1, t = 2]: 1.00; Y[i = 9, l = 1, t = 3]: 1.00; Y[i = 9, l = 1, t = 4]: 1.00; "
0.7,0.6,104721.81289522247,91925.74796119476,3.0,3.0,"Y[i = 1, l = 1, t = 1]: 1.00; Y[i = 1, l = 1, t = 2]: 1.00; Y[i = 1, l = 1, t = 3]: 1.00; Y[i = 1, l = 1, t = 4]: 1.00; Y[i = 4, l = 1, t = 1]: 1.00; Y[i = 4, l = 1, t = 2]: 1.00; Y[i = 4, l = 1, t = 3]: 1.00; Y[i = 4, l = 1, t = 4]: 1.00; Y[i = 5, l = 4, t = 2]: 1.00; Y[i = 5, l = 4, t = 3]: 1.00; Y[i = 7, l = 4, t = 3]: 1.00; Y[i = 8, l = 4, t = 3]: 1.00; Y[i = 9, l = 1, t = 1]: 1.00; Y[i = 9, l = 1, t = 2]: 1.00; Y[i = 9, l = 1, t = 3]: 1.00; Y[i = 9, l = 1, t = 4]: 1.00; "
0.7,0.7,104721.81289522248,91925.74796119476,3.0,3.0,"Y[i = 1, l = 1, t = 1]: 1.00; Y[i = 1, l = 1, t = 2]: 1.00; Y[i = 1, l = 1, t = 3]: 1.00; Y[i = 1, l = 1, t = 4]: 1.00; Y[i = 4, l = 1, t = 1]: 1.00; Y[i = 4, l = 1, t = 2]: 1.00; Y[i = 4, l = 1, t = 3]: 1.00; Y[i = 4, l = 1, t = 4]: 1.00; Y[i = 5, l = 4, t = 2]: 1.00; Y[i = 5, l = 4, t = 3]: 1.00; Y[i = 7, l = 4, t = 3]: 1.00; Y[i = 8, l = 4, t = 3]: 1.00; Y[i = 9, l = 1, t = 1]: 1.00; Y[i = 9, l = 1, t = 2]: 1.00; Y[i = 9, l = 1, t = 3]: 1.00; Y[i = 9, l = 1, t = 4]: 1.00; "
0.7,0.8,104721.8128952225,91925.74796119476,3.0,3.0,"Y[i = 1, l = 1, t = 1]: 1.00; Y[i = 1, l = 1, t = 2]: 1.00; Y[i = 1, l = 1, t = 3]: 1.00; Y[i = 1, l = 1, t = 4]: 1.00; Y[i = 4, l = 1, t = 1]: 1.00; Y[i = 4, l = 1, t = 2]: 1.00; Y[i = 4, l = 1, t = 3]: 1.00; Y[i = 4, l = 1, t = 4]: 1.00; Y[i = 5, l = 4, t = 2]: 1.00; Y[i = 5, l = 4, t = 3]: 1.00; Y[i = 7, l = 4, t = 3]: 1.00; Y[i = 8, l = 4, t = 3]: 1.00; Y[i = 9, l = 1, t = 1]: 1.00; Y[i = 9, l = 1, t = 2]: 1.00; Y[i = 9, l = 1, t = 3]: 1.00; Y[i = 9, l = 1, t = 4]: 1.00; "
0.7,0.9,104721.81289522248,91925.74796119476,3.0,3.0,"Y[i = 1, l = 1, t = 1]: 1.00; Y[i = 1, l = 1, t = 2]: 1.00; Y[i = 1, l = 1, t = 3]: 1.00; Y[i = 1, l = 1, t = 4]: 1.00; Y[i = 4, l = 1, t = 1]: 1.00; Y[i = 4, l = 1, t = 2]: 1.00; Y[i = 4, l = 1, t = 3]: 1.00; Y[i = 4, l = 1, t = 4]: 1.00; Y[i = 5, l = 4, t = 2]: 1.00; Y[i = 5, l = 4, t = 3]: 1.00; Y[i = 7, l = 4, t = 3]: 1.00; Y[i = 8, l = 4, t = 3]: 1.00; Y[i = 9, l = 1, t = 1]: 1.00; Y[i = 9, l = 1, t = 2]: 1.00; Y[i = 9, l = 1, t = 3]: 1.00; Y[i = 9, l = 1, t = 4]: 1.00; "
0.7,1.0,104721.81289522247,91925.74796119472,3.0,3.0,"Y[i = 1, l = 1, t = 1]: 1.00; Y[i = 1, l = 1, t = 2]: 1.00; Y[i = 1, l = 1, t = 3]: 1.00; Y[i = 1, l = 1, t = 4]: 1.00; Y[i = 4, l = 1, t = 1]: 1.00; Y[i = 4, l = 1, t = 2]: 1.00; Y[i = 4, l = 1, t = 3]: 1.00; Y[i = 4, l = 1, t = 4]: 1.00; Y[i = 5, l = 4, t = 2]: 1.00; Y[i = 5, l = 4, t = 3]: 1.00; Y[i = 7, l = 4, t = 3]: 1.00; Y[i = 8, l = 4, t = 3]: 1.00; Y[i = 9, l = 1, t = 1]: 1.00; Y[i = 9, l = 1, t = 2]: 1.00; Y[i = 9, l = 1, t = 3]: 1.00; Y[i = 9, l = 1, t = 4]: 1.00; "
0.8,0.0,102227.35845309052,91925.74796119476,3.0,3.0,"Y[i = 1, l = 1, t = 1]: 1.00; Y[i = 1, l = 1, t = 2]: 1.00; Y[i = 1, l = 1, t = 3]: 1.00; Y[i = 1, l = 1, t = 4]: 1.00; Y[i = 4, l = 1, t = 1]: 1.00; Y[i = 4, l = 1, t = 2]: 1.00; Y[i = 4, l = 1, t = 3]: 1.00; Y[i = 4, l = 1, t = 4]: 1.00; Y[i = 5, l = 4, t = 3]: 1.00; Y[i = 7, l = 4, t = 3]: 1.00; Y[i = 8, l = 4, t = 2]: 1.00; Y[i = 8, l = 4, t = 3]: 1.00; Y[i = 9, l = 1, t = 1]: 1.00; Y[i = 9, l = 1, t = 2]: 1.00; Y[i = 9, l = 1, t = 3]: 1.00; Y[i = 9, l = 1, t = 4]: 1.00; "
0.8,0.1,102775.01493254112,91925.74796119476,3.0,3.0,"Y[i = 1, l = 1, t = 1]: 1.00; Y[i = 1, l = 1, t = 2]: 1.00; Y[i = 1, l = 1, t = 3]: 1.00; Y[i = 1, l = 1, t = 4]: 1.00; Y[i = 4, l = 1, t = 1]: 1.00; Y[i = 4, l = 1, t = 2]: 1.00; Y[i = 4, l = 1, t = 3]: 1.00; Y[i = 4, l = 1, t = 4]: 1.00; Y[i = 5, l = 4, t = 3]: 1.00; Y[i = 7, l = 4, t = 2]: 1.00; Y[i = 7, l = 4, t = 3]: 1.00; Y[i = 8, l = 4, t = 3]: 1.00; Y[i = 9, l = 1, t = 1]: 1.00; Y[i = 9, l = 1, t = 2]: 1.00; Y[i = 9, l = 1, t = 3]: 1.00; Y[i = 9, l = 1, t = 4]: 1.00; "
0.8,0.2,103733.99971101819,91925.74796119476,3.0,3.0,"Y[i = 1, l = 1, t = 1]: 1.00; Y[i = 1, l = 1, t = 2]: 1.00; Y[i = 1, l = 1, t = 3]: 1.00; Y[i = 1, l = 1, t = 4]: 1.00; Y[i = 4, l = 1, t = 1]: 1.00; Y[i = 4, l = 1, t = 2]: 1.00; Y[i = 4, l = 1, t = 3]: 1.00; Y[i = 4, l = 1, t = 4]: 1.00; Y[i = 5, l = 4, t = 3]: 1.00; Y[i = 7, l = 4, t = 3]: 1.00; Y[i = 8, l = 4, t = 2]: 1.00; Y[i = 8, l = 4, t = 3]: 1.00; Y[i = 9, l = 1, t = 1]: 1.00; Y[i = 9, l = 1, t = 2]: 1.00; Y[i = 9, l = 1, t = 3]: 1.00; Y[i = 9, l = 1, t = 4]: 1.00; "
0.8,0.3,102253.1348663741,94292.62379200113,3.0,4.0,"Y[i = 1, l = 1, t = 1]: 1.00; Y[i = 1, l = 1, t = 2]: 1.00; Y[i = 1, l = 1, t = 3]: 1.00; Y[i = 1, l = 1, t = 4]: 1.00; Y[i = 4, l = 1, t = 1]: 1.00; Y[i = 4, l = 1, t = 2]: 1.00; Y[i = 4, l = 1, t = 3]: 1.00; Y[i = 4, l = 1, t = 4]: 1.00; Y[i = 5, l = 4, t = 3]: 1.00; Y[i = 6, l = 1, t = 1]: 1.00; Y[i = 6, l = 1, t = 2]: 1.00; Y[i = 6, l = 1, t = 3]: 1.00; Y[i = 6, l = 1, t = 4]: 1.00; Y[i = 7, l = 4, t = 3]: 1.00; Y[i = 8, l = 4, t = 3]: 1.00; Y[i = 9, l = 1, t = 1]: 1.00; Y[i = 9, l = 1, t = 2]: 1.00; Y[i = 9, l = 1, t = 3]: 1.00; Y[i = 9, l = 1, t = 4]: 1.00; "
0.8,0.4,104740.90546980551,91925.74796119476,3.0,3.0,"Y[i = 1, l = 1, t = 1]: 1.00; Y[i = 1, l = 1, t = 2]: 1.00; Y[i = 1, l = 1, t = 3]: 1.00; Y[i = 1, l = 1, t = 4]: 1.00; Y[i = 4, l = 1, t = 1]: 1.00; Y[i = 4, l = 1, t = 2]: 1.00; Y[i = 4, l = 1, t = 3]: 1.00; Y[i = 4, l = 1, t = 4]: 1.00; Y[i = 5, l = 4, t = 2]: 1.00; Y[i = 5, l = 4, t = 3]: 1.00; Y[i = 7, l = 4, t = 3]: 1.00; Y[i = 8, l = 4, t = 3]: 1.00; Y[i = 9, l = 1, t = 1]: 1.00; Y[i = 9, l = 1, t = 2]: 1.00; Y[i = 9, l = 1, t = 3]: 1.00; Y[i = 9, l = 1, t = 4]: 1.00; "
0.8,0.5,104738.99004276982,91925.74796119476,3.0,3.0,"Y[i = 1, l = 1, t = 1]: 1.00; Y[i = 1, l = 1, t = 2]: 1.00; Y[i = 1, l = 1, t = 3]: 1.00; Y[i = 1, l = 1, t = 4]: 1.00; Y[i = 4, l = 1, t = 1]: 1.00; Y[i = 4, l = 1, t = 2]: 1.00; Y[i = 4, l = 1, t = 3]: 1.00; Y[i = 4, l = 1, t = 4]: 1.00; Y[i = 5, l = 4, t = 2]: 1.00; Y[i = 5, l = 4, t = 3]: 1.00; Y[i = 7, l = 4, t = 3]: 1.00; Y[i = 8, l = 4, t = 3]: 1.00; Y[i = 9, l = 1, t = 1]: 1.00; Y[i = 9, l = 1, t = 2]: 1.00; Y[i = 9, l = 1, t = 3]: 1.00; Y[i = 9, l = 1, t = 4]: 1.00; "
0.8,0.6,104740.90546980551,91925.74796119476,3.0,3.0,"Y[i = 1, l = 1, t = 1]: 1.00; Y[i = 1, l = 1, t = 2]: 1.00; Y[i = 1, l = 1, t = 3]: 1.00; Y[i = 1, l = 1, t = 4]: 1.00; Y[i = 4, l = 1, t = 1]: 1.00; Y[i = 4, l = 1, t = 2]: 1.00; Y[i = 4, l = 1, t = 3]: 1.00; Y[i = 4, l = 1, t = 4]: 1.00; Y[i = 5, l = 4, t = 2]: 1.00; Y[i = 5, l = 4, t = 3]: 1.00; Y[i = 7, l = 4, t = 3]: 1.00; Y[i = 8, l = 4, t = 3]: 1.00; Y[i = 9, l = 1, t = 1]: 1.00; Y[i = 9, l = 1, t = 2]: 1.00; Y[i = 9, l = 1, t = 3]: 1.00; Y[i = 9, l = 1, t = 4]: 1.00; "
0.8,0.7,104740.90546980551,91925.74796119476,3.0,3.0,"Y[i = 1, l = 1, t = 1]: 1.00; Y[i = 1, l = 1, t = 2]: 1.00; Y[i = 1, l = 1, t = 3]: 1.00; Y[i = 1, l = 1, t = 4]: 1.00; Y[i = 4, l = 1, t = 1]: 1.00; Y[i = 4, l = 1, t = 2]: 1.00; Y[i = 4, l = 1, t = 3]: 1.00; Y[i = 4, l = 1, t = 4]: 1.00; Y[i = 5, l = 4, t = 2]: 1.00; Y[i = 5, l = 4, t = 3]: 1.00; Y[i = 7, l = 4, t = 3]: 1.00; Y[i = 8, l = 4, t = 3]: 1.00; Y[i = 9, l = 1, t = 1]: 1.00; Y[i = 9, l = 1, t = 2]: 1.00; Y[i = 9, l = 1, t = 3]: 1.00; Y[i = 9, l = 1, t = 4]: 1.00; "
0.8,0.8,104740.90546980551,91925.74796119476,3.0,3.0,"Y[i = 1, l = 1, t = 1]: 1.00; Y[i = 1, l = 1, t = 2]: 1.00; Y[i = 1, l = 1, t = 3]: 1.00; Y[i = 1, l = 1, t = 4]: 1.00; Y[i = 4, l = 1, t = 1]: 1.00; Y[i = 4, l = 1, t = 2]: 1.00; Y[i = 4, l = 1, t = 3]: 1.00; Y[i = 4, l = 1, t = 4]: 1.00; Y[i = 5, l = 4, t = 2]: 1.00; Y[i = 5, l = 4, t = 3]: 1.00; Y[i = 7, l = 4, t = 3]: 1.00; Y[i = 8, l = 4, t = 3]: 1.00; Y[i = 9, l = 1, t = 1]: 1.00; Y[i = 9, l = 1, t = 2]: 1.00; Y[i = 9, l = 1, t = 3]: 1.00; Y[i = 9, l = 1, t = 4]: 1.00; "
0.8,0.9,104740.90546980553,91925.74796119476,3.0,3.0,"Y[i = 1, l = 1, t = 1]: 1.00; Y[i = 1, l = 1, t = 2]: 1.00; Y[i = 1, l = 1, t = 3]: 1.00; Y[i = 1, l = 1, t = 4]: 1.00; Y[i = 4, l = 1, t = 1]: 1.00; Y[i = 4, l = 1, t = 2]: 1.00; Y[i = 4, l = 1, t = 3]: 1.00; Y[i = 4, l = 1, t = 4]: 1.00; Y[i = 5, l = 4, t = 2]: 1.00; Y[i = 5, l = 4, t = 3]: 1.00; Y[i = 7, l = 4, t = 3]: 1.00; Y[i = 8, l = 4, t = 3]: 1.00; Y[i = 9, l = 1, t = 1]: 1.00; Y[i = 9, l = 1, t = 2]: 1.00; Y[i = 9, l = 1, t = 3]: 1.00; Y[i = 9, l = 1, t = 4]: 1.00; "
0.8,1.0,104740.90546980551,91925.74796119476,3.0,3.0,"Y[i = 1, l = 1, t = 1]: 1.00; Y[i = 1, l = 1, t = 2]: 1.00; Y[i = 1, l = 1, t = 3]: 1.00; Y[i = 1, l = 1, t = 4]: 1.00; Y[i = 4, l = 1, t = 1]: 1.00; Y[i = 4, l = 1, t = 2]: 1.00; Y[i = 4, l = 1, t = 3]: 1.00; Y[i = 4, l = 1, t = 4]: 1.00; Y[i = 5, l = 4, t = 2]: 1.00; Y[i = 5, l = 4, t = 3]: 1.00; Y[i = 7, l = 4, t = 3]: 1.00; Y[i = 8, l = 4, t = 3]: 1.00; Y[i = 9, l = 1, t = 1]: 1.00; Y[i = 9, l = 1, t = 2]: 1.00; Y[i = 9, l = 1, t = 3]: 1.00; Y[i = 9, l = 1, t = 4]: 1.00; "
0.9,0.0,102227.35845309052,91925.74796119476,3.0,3.0,"Y[i = 1, l = 1, t = 1]: 1.00; Y[i = 1, l = 1, t = 2]: 1.00; Y[i = 1, l = 1, t = 3]: 1.00; Y[i = 1, l = 1, t = 4]: 1.00; Y[i = 4, l = 1, t = 1]: 1.00; Y[i = 4, l = 1, t = 2]: 1.00; Y[i = 4, l = 1, t = 3]: 1.00; Y[i = 4, l = 1, t = 4]: 1.00; Y[i = 5, l = 4, t = 3]: 1.00; Y[i = 7, l = 4, t = 3]: 1.00; Y[i = 8, l = 4, t = 2]: 1.00; Y[i = 8, l = 4, t = 3]: 1.00; Y[i = 9, l = 1, t = 1]: 1.00; Y[i = 9, l = 1, t = 2]: 1.00; Y[i = 9, l = 1, t = 3]: 1.00; Y[i = 9, l = 1, t = 4]: 1.00; "
0.9,0.1,102775.01493254113,91925.74796119476,3.0,3.0,"Y[i = 1, l = 1, t = 1]: 1.00; Y[i = 1, l = 1, t = 2]: 1.00; Y[i = 1, l = 1, t = 3]: 1.00; Y[i = 1, l = 1, t = 4]: 1.00; Y[i = 4, l = 1, t = 1]: 1.00; Y[i = 4, l = 1, t = 2]: 1.00; Y[i = 4, l = 1, t = 3]: 1.00; Y[i = 4, l = 1, t = 4]: 1.00; Y[i = 5, l = 4, t = 3]: 1.00; Y[i = 7, l = 4, t = 2]: 1.00; Y[i = 7, l = 4, t = 3]: 1.00; Y[i = 8, l = 4, t = 3]: 1.00; Y[i = 9, l = 1, t = 1]: 1.00; Y[i = 9, l = 1, t = 2]: 1.00; Y[i = 9, l = 1, t = 3]: 1.00; Y[i = 9, l = 1, t = 4]: 1.00; "
0.9,0.2,103734.14419643376,91925.74796119476,3.0,3.0,"Y[i = 1, l = 1, t = 1]: 1.00; Y[i = 1, l = 1, t = 2]: 1.00; Y[i = 1, l = 1, t = 3]: 1.00; Y[i = 1, l = 1, t = 4]: 1.00; Y[i = 4, l = 1, t = 1]: 1.00; Y[i = 4, l = 1, t = 2]: 1.00; Y[i = 4, l = 1, t = 3]: 1.00; Y[i = 4, l = 1, t = 4]: 1.00; Y[i = 5, l = 4, t = 3]: 1.00; Y[i = 7, l = 4, t = 3]: 1.00; Y[i = 8, l = 4, t = 2]: 1.00; Y[i = 8, l = 4, t = 3]: 1.00; Y[i = 9, l = 1, t = 1]: 1.00; Y[i = 9, l = 1, t = 2]: 1.00; Y[i = 9, l = 1, t = 3]: 1.00; Y[i = 9, l = 1, t = 4]: 1.00; "
0.9,0.3,104624.63405443543,91925.74796119476,3.0,3.0,"Y[i = 1, l = 1, t = 1]: 1.00; Y[i = 1, l = 1, t = 2]: 1.00; Y[i = 1, l = 1, t = 3]: 1.00; Y[i = 1, l = 1, t = 4]: 1.00; Y[i = 4, l = 1, t = 1]: 1.00; Y[i = 4, l = 1, t = 2]: 1.00; Y[i = 4, l = 1, t = 3]: 1.00; Y[i = 4, l = 1, t = 4]: 1.00; Y[i = 5, l = 4, t = 3]: 1.00; Y[i = 7, l = 4, t = 2]: 1.00; Y[i = 7, l = 4, t = 3]: 1.00; Y[i = 8, l = 4, t = 3]: 1.00; Y[i = 9, l = 1, t = 1]: 1.00; Y[i = 9, l = 1, t = 2]: 1.00; Y[i = 9, l = 1, t = 3]: 1.00; Y[i = 9, l = 1, t = 4]: 1.00; "
0.9,0.4,104740.90546980553,91925.74796119476,3.0,3.0,"Y[i = 1, l = 1, t = 1]: 1.00; Y[i = 1, l = 1, t = 2]: 1.00; Y[i = 1, l = 1, t = 3]: 1.00; Y[i = 1, l = 1, t = 4]: 1.00; Y[i = 4, l = 1, t = 1]: 1.00; Y[i = 4, l = 1, t = 2]: 1.00; Y[i = 4, l = 1, t = 3]: 1.00; Y[i = 4, l = 1, t = 4]: 1.00; Y[i = 5, l = 4, t = 2]: 1.00; Y[i = 5, l = 4, t = 3]: 1.00; Y[i = 7, l = 4, t = 3]: 1.00; Y[i = 8, l = 4, t = 3]: 1.00; Y[i = 9, l = 1, t = 1]: 1.00; Y[i = 9, l = 1, t = 2]: 1.00; Y[i = 9, l = 1, t = 3]: 1.00; Y[i = 9, l = 1, t = 4]: 1.00; "
0.9,0.5,104740.90546980551,91925.74796119476,3.0,3.0,"Y[i = 1, l = 1, t = 1]: 1.00; Y[i = 1, l = 1, t = 2]: 1.00; Y[i = 1, l = 1, t = 3]: 1.00; Y[i = 1, l = 1, t = 4]: 1.00; Y[i = 4, l = 1, t = 1]: 1.00; Y[i = 4, l = 1, t = 2]: 1.00; Y[i = 4, l = 1, t = 3]: 1.00; Y[i = 4, l = 1, t = 4]: 1.00; Y[i = 5, l = 4, t = 2]: 1.00; Y[i = 5, l = 4, t = 3]: 1.00; Y[i = 7, l = 4, t = 3]: 1.00; Y[i = 8, l = 4, t = 3]: 1.00; Y[i = 9, l = 1, t = 1]: 1.00; Y[i = 9, l = 1, t = 2]: 1.00; Y[i = 9, l = 1, t = 3]: 1.00; Y[i = 9, l = 1, t = 4]: 1.00; "
0.9,0.6,104740.90546980551,91925.74796119476,3.0,3.0,"Y[i = 1, l = 1, t = 1]: 1.00; Y[i = 1, l = 1, t = 2]: 1.00; Y[i = 1, l = 1, t = 3]: 1.00; Y[i = 1, l = 1, t = 4]: 1.00; Y[i = 4, l = 1, t = 1]: 1.00; Y[i = 4, l = 1, t = 2]: 1.00; Y[i = 4, l = 1, t = 3]: 1.00; Y[i = 4, l = 1, t = 4]: 1.00; Y[i = 5, l = 4, t = 2]: 1.00; Y[i = 5, l = 4, t = 3]: 1.00; Y[i = 7, l = 4, t = 3]: 1.00; Y[i = 8, l = 4, t = 3]: 1.00; Y[i = 9, l = 1, t = 1]: 1.00; Y[i = 9, l = 1, t = 2]: 1.00; Y[i = 9, l = 1, t = 3]: 1.00; Y[i = 9, l = 1, t = 4]: 1.00; "
0.9,0.7,104740.90546980551,91925.74796119476,3.0,3.0,"Y[i = 1, l = 1, t = 1]: 1.00; Y[i = 1, l = 1, t = 2]: 1.00; Y[i = 1, l = 1, t = 3]: 1.00; Y[i = 1, l = 1, t = 4]: 1.00; Y[i = 4, l = 1, t = 1]: 1.00; Y[i = 4, l = 1, t = 2]: 1.00; Y[i = 4, l = 1, t = 3]: 1.00; Y[i = 4, l = 1, t = 4]: 1.00; Y[i = 5, l = 4, t = 2]: 1.00; Y[i = 5, l = 4, t = 3]: 1.00; Y[i = 7, l = 4, t = 3]: 1.00; Y[i = 8, l = 4, t = 3]: 1.00; Y[i = 9, l = 1, t = 1]: 1.00; Y[i = 9, l = 1, t = 2]: 1.00; Y[i = 9, l = 1, t = 3]: 1.00; Y[i = 9, l = 1, t = 4]: 1.00; "
0.9,0.8,104740.90546980551,91925.74796119476,3.0,3.0,"Y[i = 1, l = 1, t = 1]: 1.00; Y[i = 1, l = 1, t = 2]: 1.00; Y[i = 1, l = 1, t = 3]: 1.00; Y[i = 1, l = 1, t = 4]: 1.00; Y[i = 4, l = 1, t = 1]: 1.00; Y[i = 4, l = 1, t = 2]: 1.00; Y[i = 4, l = 1, t = 3]: 1.00; Y[i = 4, l = 1, t = 4]: 1.00; Y[i = 5, l = 4, t = 2]: 1.00; Y[i = 5, l = 4, t = 3]: 1.00; Y[i = 7, l = 4, t = 3]: 1.00; Y[i = 8, l = 4, t = 3]: 1.00; Y[i = 9, l = 1, t = 1]: 1.00; Y[i = 9, l = 1, t = 2]: 1.00; Y[i = 9, l = 1, t = 3]: 1.00; Y[i = 9, l = 1, t = 4]: 1.00; "
0.9,0.9,104740.90546980551,91925.74796119476,3.0,3.0,"Y[i = 1, l = 1, t = 1]: 1.00; Y[i = 1, l = 1, t = 2]: 1.00; Y[i = 1, l = 1, t = 3]: 1.00; Y[i = 1, l = 1, t = 4]: 1.00; Y[i = 4, l = 1, t = 1]: 1.00; Y[i = 4, l = 1, t = 2]: 1.00; Y[i = 4, l = 1, t = 3]: 1.00; Y[i = 4, l = 1, t = 4]: 1.00; Y[i = 5, l = 4, t = 2]: 1.00; Y[i = 5, l = 4, t = 3]: 1.00; Y[i = 7, l = 4, t = 3]: 1.00; Y[i = 8, l = 4, t = 3]: 1.00; Y[i = 9, l = 1, t = 1]: 1.00; Y[i = 9, l = 1, t = 2]: 1.00; Y[i = 9, l = 1, t = 3]: 1.00; Y[i = 9, l = 1, t = 4]: 1.00; "
0.9,1.0,104740.90546980553,91925.74796119476,3.0,3.0,"Y[i = 1, l = 1, t = 1]: 1.00; Y[i = 1, l = 1, t = 2]: 1.00; Y[i = 1, l = 1, t = 3]: 1.00; Y[i = 1, l = 1, t = 4]: 1.00; Y[i = 4, l = 1, t = 1]: 1.00; Y[i = 4, l = 1, t = 2]: 1.00; Y[i = 4, l = 1, t = 3]: 1.00; Y[i = 4, l = 1, t = 4]: 1.00; Y[i = 5, l = 4, t = 2]: 1.00; Y[i = 5, l = 4, t = 3]: 1.00; Y[i = 7, l = 4, t = 3]: 1.00; Y[i = 8, l = 4, t = 3]: 1.00; Y[i = 9, l = 1, t = 1]: 1.00; Y[i = 9, l = 1, t = 2]: 1.00; Y[i = 9, l = 1, t = 3]: 1.00; Y[i = 9, l = 1, t = 4]: 1.00; "
1.0,0.0,102227.35845309052,91925.74796119476,3.0,3.0,"Y[i = 1, l = 1, t = 1]: 1.00; Y[i = 1, l = 1, t = 2]: 1.00; Y[i = 1, l = 1, t = 3]: 1.00; Y[i = 1, l = 1, t = 4]: 1.00; Y[i = 4, l = 1, t = 1]: 1.00; Y[i = 4, l = 1, t = 2]: 1.00; Y[i = 4, l = 1, t = 3]: 1.00; Y[i = 4, l = 1, t = 4]: 1.00; Y[i = 5, l = 4, t = 3]: 1.00; Y[i = 7, l = 4, t = 3]: 1.00; Y[i = 8, l = 4, t = 2]: 1.00; Y[i = 8, l = 4, t = 3]: 1.00; Y[i = 9, l = 1, t = 1]: 1.00; Y[i = 9, l = 1, t = 2]: 1.00; Y[i = 9, l = 1, t = 3]: 1.00; Y[i = 9, l = 1, t = 4]: 1.00; "
1.0,0.1,102775.01493254113,91925.74796119396,3.0,3.0,"Y[i = 1, l = 1, t = 1]: 1.00; Y[i = 1, l = 1, t = 2]: 1.00; Y[i = 1, l = 1, t = 3]: 1.00; Y[i = 1, l = 1, t = 4]: 1.00; Y[i = 4, l = 1, t = 1]: 1.00; Y[i = 4, l = 1, t = 2]: 1.00; Y[i = 4, l = 1, t = 3]: 1.00; Y[i = 4, l = 1, t = 4]: 1.00; Y[i = 5, l = 4, t = 3]: 1.00; Y[i = 7, l = 4, t = 2]: 1.00; Y[i = 7, l = 4, t = 3]: 1.00; Y[i = 8, l = 4, t = 3]: 1.00; Y[i = 9, l = 1, t = 1]: 1.00; Y[i = 9, l = 1, t = 2]: 1.00; Y[i = 9, l = 1, t = 3]: 1.00; Y[i = 9, l = 1, t = 4]: 1.00; "
1.0,0.2,103734.14419643376,91925.74796119476,3.0,3.0,"Y[i = 1, l = 1, t = 1]: 1.00; Y[i = 1, l = 1, t = 2]: 1.00; Y[i = 1, l = 1, t = 3]: 1.00; Y[i = 1, l = 1, t = 4]: 1.00; Y[i = 4, l = 1, t = 1]: 1.00; Y[i = 4, l = 1, t = 2]: 1.00; Y[i = 4, l = 1, t = 3]: 1.00; Y[i = 4, l = 1, t = 4]: 1.00; Y[i = 5, l = 4, t = 3]: 1.00; Y[i = 7, l = 4, t = 3]: 1.00; Y[i = 8, l = 4, t = 2]: 1.00; Y[i = 8, l = 4, t = 3]: 1.00; Y[i = 9, l = 1, t = 1]: 1.00; Y[i = 9, l = 1, t = 2]: 1.00; Y[i = 9, l = 1, t = 3]: 1.00; Y[i = 9, l = 1, t = 4]: 1.00; "
1.0,0.3,104624.63405443543,91925.74796119476,3.0,3.0,"Y[i = 1, l = 1, t = 1]: 1.00; Y[i = 1, l = 1, t = 2]: 1.00; Y[i = 1, l = 1, t = 3]: 1.00; Y[i = 1, l = 1, t = 4]: 1.00; Y[i = 4, l = 1, t = 1]: 1.00; Y[i = 4, l = 1, t = 2]: 1.00; Y[i = 4, l = 1, t = 3]: 1.00; Y[i = 4, l = 1, t = 4]: 1.00; Y[i = 5, l = 4, t = 3]: 1.00; Y[i = 7, l = 4, t = 2]: 1.00; Y[i = 7, l = 4, t = 3]: 1.00; Y[i = 8, l = 4, t = 3]: 1.00; Y[i = 9, l = 1, t = 1]: 1.00; Y[i = 9, l = 1, t = 2]: 1.00; Y[i = 9, l = 1, t = 3]: 1.00; Y[i = 9, l = 1, t = 4]: 1.00; "
1.0,0.4,104740.90546980553,91925.74796119476,3.0,3.0,"Y[i = 1, l = 1, t = 1]: 1.00; Y[i = 1, l = 1, t = 2]: 1.00; Y[i = 1, l = 1, t = 3]: 1.00; Y[i = 1, l = 1, t = 4]: 1.00; Y[i = 4, l = 1, t = 1]: 1.00; Y[i = 4, l = 1, t = 2]: 1.00; Y[i = 4, l = 1, t = 3]: 1.00; Y[i = 4, l = 1, t = 4]: 1.00; Y[i = 5, l = 4, t = 2]: 1.00; Y[i = 5, l = 4, t = 3]: 1.00; Y[i = 7, l = 4, t = 3]: 1.00; Y[i = 8, l = 4, t = 3]: 1.00; Y[i = 9, l = 1, t = 1]: 1.00; Y[i = 9, l = 1, t = 2]: 1.00; Y[i = 9, l = 1, t = 3]: 1.00; Y[i = 9, l = 1, t = 4]: 1.00; "
1.0,0.5,104740.90546980551,91925.74796119476,3.0,3.0,"Y[i = 1, l = 1, t = 1]: 1.00; Y[i = 1, l = 1, t = 2]: 1.00; Y[i = 1, l = 1, t = 3]: 1.00; Y[i = 1, l = 1, t = 4]: 1.00; Y[i = 4, l = 1, t = 1]: 1.00; Y[i = 4, l = 1, t = 2]: 1.00; Y[i = 4, l = 1, t = 3]: 1.00; Y[i = 4, l = 1, t = 4]: 1.00; Y[i = 5, l = 4, t = 2]: 1.00; Y[i = 5, l = 4, t = 3]: 1.00; Y[i = 7, l = 4, t = 3]: 1.00; Y[i = 8, l = 4, t = 3]: 1.00; Y[i = 9, l = 1, t = 1]: 1.00; Y[i = 9, l = 1, t = 2]: 1.00; Y[i = 9, l = 1, t = 3]: 1.00; Y[i = 9, l = 1, t = 4]: 1.00; "
1.0,0.6,104740.90546980551,91925.74796119476,3.0,3.0,"Y[i = 1, l = 1, t = 1]: 1.00; Y[i = 1, l = 1, t = 2]: 1.00; Y[i = 1, l = 1, t = 3]: 1.00; Y[i = 1, l = 1, t = 4]: 1.00; Y[i = 4, l = 1, t = 1]: 1.00; Y[i = 4, l = 1, t = 2]: 1.00; Y[i = 4, l = 1, t = 3]: 1.00; Y[i = 4, l = 1, t = 4]: 1.00; Y[i = 5, l = 4, t = 2]: 1.00; Y[i = 5, l = 4, t = 3]: 1.00; Y[i = 7, l = 4, t = 3]: 1.00; Y[i = 8, l = 4, t = 3]: 1.00; Y[i = 9, l = 1, t = 1]: 1.00; Y[i = 9, l = 1, t = 2]: 1.00; Y[i = 9, l = 1, t = 3]: 1.00; Y[i = 9, l = 1, t = 4]: 1.00; "
1.0,0.7,104740.90546980551,91925.74796119476,3.0,3.0,"Y[i = 1, l = 1, t = 1]: 1.00; Y[i = 1, l = 1, t = 2]: 1.00; Y[i = 1, l = 1, t = 3]: 1.00; Y[i = 1, l = 1, t = 4]: 1.00; Y[i = 4, l = 1, t = 1]: 1.00; Y[i = 4, l = 1, t = 2]: 1.00; Y[i = 4, l = 1, t = 3]: 1.00; Y[i = 4, l = 1, t = 4]: 1.00; Y[i = 5, l = 4, t = 2]: 1.00; Y[i = 5, l = 4, t = 3]: 1.00; Y[i = 7, l = 4, t = 3]: 1.00; Y[i = 8, l = 4, t = 3]: 1.00; Y[i = 9, l = 1, t = 1]: 1.00; Y[i = 9, l = 1, t = 2]: 1.00; Y[i = 9, l = 1, t = 3]: 1.00; Y[i = 9, l = 1, t = 4]: 1.00; "
1.0,0.8,104740.90546980551,91925.74796119476,3.0,3.0,"Y[i = 1, l = 1, t = 1]: 1.00; Y[i = 1, l = 1, t = 2]: 1.00; Y[i = 1, l = 1, t = 3]: 1.00; Y[i = 1, l = 1, t = 4]: 1.00; Y[i = 4, l = 1, t = 1]: 1.00; Y[i = 4, l = 1, t = 2]: 1.00; Y[i = 4, l = 1, t = 3]: 1.00; Y[i = 4, l = 1, t = 4]: 1.00; Y[i = 5, l = 4, t = 2]: 1.00; Y[i = 5, l = 4, t = 3]: 1.00; Y[i = 7, l = 4, t = 3]: 1.00; Y[i = 8, l = 4, t = 3]: 1.00; Y[i = 9, l = 1, t = 1]: 1.00; Y[i = 9, l = 1, t = 2]: 1.00; Y[i = 9, l = 1, t = 3]: 1.00; Y[i = 9, l = 1, t = 4]: 1.00; "
1.0,0.9,104740.90546980551,91925.74796119476,3.0,3.0,"Y[i = 1, l = 1, t = 1]: 1.00; Y[i = 1, l = 1, t = 2]: 1.00; Y[i = 1, l = 1, t = 3]: 1.00; Y[i = 1, l = 1, t = 4]: 1.00; Y[i = 4, l = 1, t = 1]: 1.00; Y[i = 4, l = 1, t = 2]: 1.00; Y[i = 4, l = 1, t = 3]: 1.00; Y[i = 4, l = 1, t = 4]: 1.00; Y[i = 5, l = 4, t = 2]: 1.00; Y[i = 5, l = 4, t = 3]: 1.00; Y[i = 7, l = 4, t = 3]: 1.00; Y[i = 8, l = 4, t = 3]: 1.00; Y[i = 9, l = 1, t = 1]: 1.00; Y[i = 9, l = 1, t = 2]: 1.00; Y[i = 9, l = 1, t = 3]: 1.00; Y[i = 9, l = 1, t = 4]: 1.00; "
1.0,1.0,104740.90546980553,91925.74796119476,3.0,3.0,"Y[i = 1, l = 1, t = 1]: 1.00; Y[i = 1, l = 1, t = 2]: 1.00; Y[i = 1, l = 1, t = 3]: 1.00; Y[i = 1, l = 1, t = 4]: 1.00; Y[i = 4, l = 1, t = 1]: 1.00; Y[i = 4, l = 1, t = 2]: 1.00; Y[i = 4, l = 1, t = 3]: 1.00; Y[i = 4, l = 1, t = 4]: 1.00; Y[i = 5, l = 4, t = 2]: 1.00; Y[i = 5, l = 4, t = 3]: 1.00; Y[i = 7, l = 4, t = 3]: 1.00; Y[i = 8, l = 4, t = 3]: 1.00; Y[i = 9, l = 1, t = 1]: 1.00; Y[i = 9, l = 1, t = 2]: 1.00; Y[i = 9, l = 1, t = 3]: 1.00; Y[i = 9, l = 1, t = 4]: 1.00; "
